step,timestamp,current_mark_ml,pred_adaboost,pred_GBR,pred_lr,pred_svr,pred_heuristic,current_mark_nn,pred_lstm,pred_optm,action_adaboost,action_GBR,action_lr,action_svr,action_heuristic,action_lstm,action_optm,portfolio_value_adaboost,portfolio_value_GBR,portfolio_value_lr,portfolio_value_svr,portfolio_value_heuristic,portfolio_value_lstm,portfolio_value_optm,investment_adaboost,investment_GBR,investment_lr,investment_svr,investment_heuristic,investment_lstm,investment_optm,pred_lr2_1,pred_lr2_2,action_lr2,portfolio_value_lr2,investment_lr2
0,2025-04-10 01:41:04.933957,58970.45,58966.13756625453,58967.84660357582,58970.27852864833,58971.536192308806,58970.45,58970.45,58975.18,58969.82,hold,hold,hold,hold,hold,buy 0.02 units (inject $1000.00),hold,0.0,0.0,0.0,0.0,0.0,1000.0,0.0,0.0,0.0,0.0,0.0,0.0,1000.0,0.0,58969.10415425964,58969.039411092606,hold,0.0,0.0
1,2025-04-10 01:41:05.220963,58970.45,58966.13756625453,58967.84660357582,58970.27852864833,58971.536192308806,58970.45,58970.45,58975.18,58969.82,hold,hold,hold,hold,hold,buy 0.02 units (inject $1000.00),hold,0.0,0.0,0.0,0.0,0.0,2000.0,0.0,0.0,0.0,0.0,0.0,0.0,2000.0,0.0,58969.10415425964,58969.039411092606,hold,0.0,0.0
2,2025-04-10 01:41:05.507969,58970.44,58966.13756625453,58967.84660357582,58970.27852864833,58971.536192308806,58970.43000000001,58970.44,58975.18,58969.82,hold,hold,hold,hold,hold,buy 0.02 units (inject $1000.00),hold,0.0,0.0,0.0,0.0,0.0,2999.9996608470856,0.0,0.0,0.0,0.0,0.0,0.0,3000.0,0.0,58969.05213089653,58968.98431199477,hold,0.0,0.0
3,2025-04-10 01:41:05.795000,58969.4,58966.13756625453,58967.84660357582,58970.27852864833,58971.536192308806,58968.36,58969.4,58975.18,58969.82,hold,hold,hold,buy 0.02 units (inject $1000.00),hold,buy 0.02 units (inject $1000.00),hold,0.0,0.0,0.0,999.9999999999999,0.0,3999.9467529893977,0.0,0.0,0.0,0.0,1000.0,0.0,4000.0,0.0,58968.90065011609,58968.84953028764,hold,0.0,0.0
4,2025-04-10 01:41:06.079010,58969.4,58966.13756625453,58967.84660357582,58970.64470380805,58971.83681849132,58969.4,58969.4,58975.516,58970.21,hold,hold,hold,buy 0.02 units (inject $1000.00),hold,buy 0.02 units (inject $1000.00),hold,0.0,0.0,0.0,1999.9999999999998,0.0,4999.946752989398,0.0,0.0,0.0,0.0,2000.0,0.0,5000.0,0.0,58968.57929310257,58968.61344892752,hold,0.0,0.0
5,2025-04-10 01:41:06.363963,58969.45,58966.13756625453,58967.84660357582,58970.5717398856,58971.78679778789,58969.49999999999,58969.45,58975.47,58970.137,hold,hold,hold,buy 0.02 units (inject $1000.00),hold,buy 0.02 units (inject $1000.00),hold,0.0,0.0,0.0,3000.001695794768,0.0,5999.95099243117,0.0,0.0,0.0,0.0,3000.0,0.0,6000.0,0.0,58969.6110574962,58969.61677202359,hold,0.0,0.0
6,2025-04-10 01:41:06.648075,58969.45,58966.13756625453,58967.84660357582,58970.5717398856,58971.78679778789,58969.45,58969.45,58975.47,58970.137,hold,hold,hold,buy 0.02 units (inject $1000.00),hold,buy 0.02 units (inject $1000.00),hold,0.0,0.0,0.0,4000.001695794768,0.0,6999.95099243117,0.0,0.0,0.0,0.0,4000.0,0.0,7000.0,0.0,58969.6110574962,58969.61677202359,hold,0.0,0.0
7,2025-04-10 01:41:06.933111,58969.47,58966.13756625453,58967.84660357582,58970.5717398856,58971.78679778789,58969.490000000005,58969.47,58975.47,58970.137,hold,hold,hold,buy 0.02 units (inject $1000.00),hold,buy 0.02 units (inject $1000.00),hold,0.0,0.0,0.0,5000.003052430007,0.0,7999.953366525211,0.0,0.0,0.0,0.0,5000.0,0.0,8000.0,0.0,58969.61557115673,58969.6199474024,hold,0.0,0.0
8,2025-04-10 01:41:07.217908,58969.47,58966.13756625453,58967.84660357582,58970.5717398856,58971.78679778789,58969.47,58969.47,58975.47,58970.137,hold,hold,hold,buy 0.02 units (inject $1000.00),hold,buy 0.02 units (inject $1000.00),hold,0.0,0.0,0.0,6000.003052430007,0.0,8999.953366525211,0.0,0.0,0.0,0.0,6000.0,0.0,9000.0,0.0,58969.33924309488,58969.32728222266,hold,0.0,0.0
9,2025-04-10 01:41:07.500390,58969.47,58966.13756625453,58967.84660357582,58970.27852864833,58971.536192308806,58969.47,58969.47,58975.18,58969.82,hold,hold,hold,buy 0.02 units (inject $1000.00),hold,buy 0.02 units (inject $1000.00),hold,0.0,0.0,0.0,7000.003052430008,0.0,9999.953366525211,0.0,0.0,0.0,0.0,7000.0,0.0,10000.0,0.0,58968.91898673612,58968.85560343535,hold,0.0,0.0
10,2025-04-10 01:41:07.784390,58969.09,58966.13756625453,58967.84660357582,58970.27852864833,58971.536192308806,58968.70999999999,58969.09,58975.18,58969.82,hold,hold,hold,buy 0.02 units (inject $1000.00),hold,buy 0.02 units (inject $1000.00),hold,0.0,0.0,0.0,7999.957944323051,0.0,10999.888926701022,0.0,0.0,0.0,0.0,8000.0,0.0,11000.0,0.0,58968.91447307559,58968.85242805654,hold,0.0,0.0
11,2025-04-10 01:41:08.067397,58969.09,58966.13756625453,58967.84660357582,58970.13428974949,58971.385195678944,58969.09,58969.09,58975.027,58969.645,hold,hold,hold,buy 0.02 units (inject $1000.00),hold,buy 0.02 units (inject $1000.00),hold,0.0,0.0,0.0,8999.95794432305,0.0,11999.888926701022,0.0,0.0,0.0,0.0,9000.0,0.0,12000.0,0.0,58968.856426609826,58968.80144230063,hold,0.0,0.0
12,2025-04-10 01:41:08.351396,58969.09,58966.13756625453,58967.84660357582,58970.13428974949,58971.385195678944,58969.09,58969.09,58975.027,58969.645,hold,hold,hold,buy 0.02 units (inject $1000.00),hold,buy 0.02 units (inject $1000.00),hold,0.0,0.0,0.0,9999.95794432305,0.0,12999.888926701022,0.0,0.0,0.0,0.0,10000.0,0.0,13000.0,0.0,58969.15894188156,58969.12013782761,hold,0.0,0.0
13,2025-04-10 01:41:08.634397,58969.15,58966.13756625453,58967.84660357582,58970.390341251805,58971.58617012259,58969.21000000001,58969.15,58975.24,58969.914,hold,hold,hold,buy 0.02 units (inject $1000.00),hold,buy 0.02 units (inject $1000.00),hold,0.0,0.0,0.0,10999.968119102357,0.0,13999.902153856734,0.0,0.0,0.0,0.0,11000.0,0.0,14000.0,0.0,58969.2594239106,58969.25799318921,hold,0.0,0.0
14,2025-04-10 01:41:08.918408,58969.15,58966.13756625453,58967.84660357582,58970.390341251805,58971.58617012259,58969.15,58969.15,58975.24,58969.914,hold,hold,hold,buy 0.02 units (inject $1000.00),hold,buy 0.02 units (inject $1000.00),hold,0.0,0.0,0.0,11999.968119102357,0.0,14999.902153856736,0.0,0.0,0.0,0.0,12000.0,0.0,15000.0,0.0,58969.25934323986,58969.257908203734,hold,0.0,0.0
15,2025-04-10 01:41:09.202405,58969.03,58966.13756625453,58967.84660357582,58970.27852864833,58971.536192308806,58968.909999999996,58969.03,58975.18,58969.82,hold,hold,hold,buy 0.02 units (inject $1000.00),hold,buy 0.02 units (inject $1000.00),hold,0.0,0.0,0.0,12999.943699619047,0.0,15999.871629620615,0.0,0.0,0.0,0.0,13000.0,0.0,16000.0,0.0,58968.910580152304,58968.848284968546,hold,0.0,0.0
16,2025-04-10 01:41:09.486405,58969.03,58966.13756625453,58967.84660357582,58969.52910718843,58970.891157907085,58967.43111116512,58969.03,58974.496,58969.44,hold,hold,hold,hold,hold,buy 0.02 units (inject $1000.00),hold,0.0,0.0,0.0,12999.943699619047,0.0,16999.87162962062,0.0,0.0,0.0,0.0,13000.0,0.0,17000.0,0.0,58968.697383195395,58968.554949341815,hold,0.0,0.0
17,2025-04-10 01:41:09.769404,58969.03,58966.13756625453,58966.47544742055,58967.079300568395,58968.54047348014,58966.97353989506,58969.03,58972.06,58967.582,hold,hold,hold,hold,hold,buy 0.02 units (inject $1000.00),hold,0.0,0.0,0.0,12999.943699619047,0.0,17999.87162962062,0.0,0.0,0.0,0.0,13000.0,0.0,18000.0,0.0,58967.38321792315,58967.19364774776,hold,0.0,0.0
18,2025-04-10 01:41:10.053405,58965.61,58966.13756625453,58966.47544742055,58967.03391102873,58968.53561353744,58960.102095203656,58965.61,58972.074,58967.645,hold,hold,hold,buy 0.02 units (inject $1000.00),hold,buy 0.02 units (inject $1000.00),buy 0.02 units (inject $1000.00),0.0,0.0,0.0,13999.189747799715,0.0,18998.827699256268,999.9999999999999,0.0,0.0,0.0,14000.0,0.0,19000.0,1000.0,58967.262117430146,58967.062404977296,hold,0.0,0.0
19,2025-04-10 01:41:10.347405,58965.61,58966.13756625453,58966.47544742055,58966.97500826368,58968.48340576851,58963.440857356196,58965.61,58972.027,58967.66,hold,hold,hold,buy 0.02 units (inject $1000.00),hold,buy 0.02 units (inject $1000.00),buy 0.02 units (inject $1000.00),0.0,0.0,0.0,14999.189747799715,0.0,19998.827699256268,1999.9999999999998,0.0,0.0,0.0,15000.0,0.0,20000.0,2000.0,58967.34475719126,58967.13932758779,hold,0.0,0.0
20,2025-04-10 01:41:10.631404,58965.61,58966.13756625453,58966.47544742055,58967.563573108775,58968.96190337336,58963.35882439607,58965.61,58972.53,58968.316,hold,hold,hold,buy 0.02 units (inject $1000.00),hold,buy 0.02 units (inject $1000.00),buy 0.02 units (inject $1000.00),0.0,0.0,0.0,15999.189747799717,0.0,20998.82769925627,3000.0,0.0,0.0,0.0,16000.0,0.0,21000.0,3000.0,58967.672251401375,58967.555350938164,hold,0.0,0.0
21,2025-04-10 01:41:10.918406,58965.61,58966.13756625453,58966.47544742055,58967.3769876109,58968.80823657422,58963.107986957526,58965.61,58972.336,58968.09,hold,hold,hold,buy 0.02 units (inject $1000.00),hold,buy 0.02 units (inject $1000.00),buy 0.02 units (inject $1000.00),0.0,0.0,0.0,16999.189747799715,0.0,21998.82769925627,3999.9999999999995,0.0,0.0,0.0,17000.0,0.0,22000.0,4000.0,58967.25061623358,58967.13269916409,hold,0.0,0.0
22,2025-04-10 01:41:11.204404,58963.22,58966.13756625453,58966.47544742055,58967.31630962702,58968.76389060835,58958.32731665137,58963.22,58972.29,58968.027,buy 0.02 units (inject $1000.00),buy 0.02 units (inject $1000.00),buy 0.02 units (inject $1000.00),buy 0.02 units (inject $1000.00),hold,buy 0.02 units (inject $1000.00),buy 0.02 units (inject $1000.00),1000.0,1000.0,1000.0,17998.50073494125,0.0,22997.936040572484,4999.837871600073,1000.0,1000.0,1000.0,18000.0,0.0,23000.0,5000.0,58967.20261425736,58967.085782012764,buy 0.03 units (inject $2000.00),2000.0,2000.0
23,2025-04-10 01:41:11.487413,58963.22,58966.13756625453,58966.47544742055,58967.31630962702,58968.76389060835,58960.71731665137,58963.22,58972.29,58968.027,buy 0.02 units (inject $1000.00),buy 0.02 units (inject $1000.00),buy 0.02 units (inject $1000.00),buy 0.02 units (inject $1000.00),hold,buy 0.02 units (inject $1000.00),buy 0.02 units (inject $1000.00),2000.0,2000.0,2000.0,18998.500734941255,0.0,23997.936040572484,5999.837871600073,2000.0,2000.0,2000.0,19000.0,0.0,24000.0,6000.0,58967.20261425736,58967.085782012764,buy 0.03 units (inject $2000.00),4000.0,4000.0
24,2025-04-10 01:41:11.773413,58963.22,58966.13756625453,58966.086062220624,58966.99103075211,58968.36494145684,58960.72444641879,58963.22,58971.855,58967.77,buy 0.02 units (inject $1000.00),buy 0.02 units (inject $1000.00),buy 0.02 units (inject $1000.00),buy 0.02 units (inject $1000.00),hold,buy 0.02 units (inject $1000.00),buy 0.02 units (inject $1000.00),3000.0,3000.0,3000.0,19998.500734941255,0.0,24997.936040572487,6999.837871600073,3000.0,3000.0,3000.0,20000.0,0.0,25000.0,7000.0,58966.95747537211,58966.82722270422,buy 0.03 units (inject $2000.00),6000.0,6000.0
25,2025-04-10 01:41:12.067416,58963.33,58966.13756625453,58966.086062220624,58967.066219503446,58968.41749434146,58961.09017634889,58963.33,58971.926,58967.875,buy 0.02 units (inject $1000.00),buy 0.02 units (inject $1000.00),buy 0.02 units (inject $1000.00),buy 0.02 units (inject $1000.00),hold,buy 0.02 units (inject $1000.00),buy 0.02 units (inject $1000.00),4000.0055967092703,4000.0055967092703,4000.0055967092703,20998.53804353941,0.0,25997.982675965948,7999.850930285909,4000.0,4000.0,4000.0,21000.0,0.0,26000.0,8000.0,58966.98471411573,58966.857207553105,buy 0.03 units (inject $2000.00),8000.011193418541,8000.0
26,2025-04-10 01:41:12.355414,58963.33,58966.13756625453,58966.086062220624,58966.99103075211,58968.36494145684,58960.941907880086,58963.33,58971.855,58967.77,buy 0.02 units (inject $1000.00),buy 0.02 units (inject $1000.00),buy 0.02 units (inject $1000.00),buy 0.02 units (inject $1000.00),hold,buy 0.02 units (inject $1000.00),buy 0.02 units (inject $1000.00),5000.00559670927,5000.00559670927,5000.00559670927,21998.538043539415,0.0,26997.98267596595,8999.85093028591,5000.0,5000.0,5000.0,22000.0,0.0,27000.0,9000.0,58967.01574529694,58966.87852600232,buy 0.03 units (inject $2000.00),10000.01119341854,10000.0
27,2025-04-10 01:41:12.647413,58963.57,58966.13756625453,58966.47544742055,58967.54601403336,58968.96704240943,58961.570824704315,58963.57,58972.504,58968.195,buy 0.02 units (inject $1000.00),buy 0.02 units (inject $1000.00),buy 0.02 units (inject $1000.00),buy 0.02 units (inject $1000.00),hold,buy 0.02 units (inject $1000.00),buy 0.02 units (inject $1000.00),6000.0259483641585,6000.0259483641585,6000.0259483641585,22998.627584770045,0.0,27998.09256656816,9999.887562616941,6000.0,6000.0,6000.0,23000.0,0.0,28000.0,10000.0,58967.40190605429,58967.279468350345,buy 0.03 units (inject $2000.00),12000.051896728317,12000.0
28,2025-04-10 01:41:12.945413,58963.57,58966.13756625453,58966.47544742055,58967.54601403336,58968.96704240943,58961.33060704104,58963.57,58972.504,58968.195,buy 0.02 units (inject $1000.00),buy 0.02 units (inject $1000.00),buy 0.02 units (inject $1000.00),buy 0.02 units (inject $1000.00),hold,buy 0.02 units (inject $1000.00),buy 0.02 units (inject $1000.00),7000.0259483641585,7000.0259483641585,7000.0259483641585,23998.627584770045,0.0,28998.09256656816,10999.887562616941,7000.0,7000.0,7000.0,24000.0,0.0,29000.0,11000.0,58967.407064178115,58967.2849314337,buy 0.03 units (inject $2000.00),14000.051896728317,14000.0
29,2025-04-10 01:41:13.230412,58963.66,58966.13756625453,58966.47544742055,58967.527223487654,58969.06585822871,58961.438285535354,58963.66,58972.55,58968.37,buy 0.02 units (inject $1000.00),buy 0.02 units (inject $1000.00),buy 0.02 units (inject $1000.00),buy 0.02 units (inject $1000.00),hold,buy 0.02 units (inject $1000.00),buy 0.02 units (inject $1000.00),8000.036632967133,8000.036632967133,8000.036632967133,24998.664215463923,0.0,29998.136828276387,11999.90435247347,8000.0,8000.0,8000.0,25000.0,0.0,30000.0,12000.0,58967.781515506795,58967.62893597397,buy 0.03 units (inject $2000.00),16000.073265934267,16000.0
30,2025-04-10 01:41:13.523416,58963.66,58966.13756625453,58966.47544742055,58968.431258364995,58969.91096531968,58961.63959479333,58963.66,58973.434,58968.89,buy 0.02 units (inject $1000.00),buy 0.02 units (inject $1000.00),buy 0.02 units (inject $1000.00),buy 0.02 units (inject $1000.00),hold,buy 0.02 units (inject $1000.00),buy 0.02 units (inject $1000.00),9000.036632967134,9000.036632967134,9000.036632967134,25998.664215463923,0.0,30998.136828276387,12999.90435247347,9000.0,9000.0,9000.0,26000.0,0.0,31000.0,13000.0,58968.31929384779,58968.187950116815,buy 0.03 units (inject $2000.00),18000.07326593427,18000.0
31,2025-04-10 01:41:13.807412,58963.66,58966.13756625453,58966.47544742055,58968.062130720886,58969.487642372,58961.73358069466,58963.66,58973.082,58968.38,buy 0.02 units (inject $1000.00),buy 0.02 units (inject $1000.00),buy 0.02 units (inject $1000.00),buy 0.02 units (inject $1000.00),hold,buy 0.02 units (inject $1000.00),buy 0.02 units (inject $1000.00),10000.036632967134,10000.036632967134,10000.036632967134,26998.66421546392,0.0,31998.13682827639,13999.90435247347,10000.0,10000.0,10000.0,27000.0,0.0,32000.0,14000.0,58967.988469894204,58967.87546332641,buy 0.03 units (inject $2000.00),20000.07326593427,20000.0
32,2025-04-10 01:41:14.096414,58963.79,58966.13756625453,58966.086062220624,58967.93563012485,58969.32555287467,58962.00974001506,58963.79,58972.87,58968.324,buy 0.02 units (inject $1000.00),buy 0.02 units (inject $1000.00),buy 0.02 units (inject $1000.00),buy 0.02 units (inject $1000.00),hold,buy 0.02 units (inject $1000.00),buy 0.02 units (inject $1000.00),11000.058680525957,11000.058680525957,11000.058680525957,27998.723740709604,0.0,32998.20737609835,14999.93521873187,11000.0,11000.0,11000.0,28000.0,0.0,33000.0,15000.0,58967.643080199145,58967.49930571927,buy 0.03 units (inject $2000.00),22000.117361051914,22000.0
33,2025-04-10 01:41:14.389749,58963.79,58966.13756625453,58966.47544742055,58968.18849300932,58969.62533479164,58961.70511936265,58963.79,58973.19,58968.55,buy 0.02 units (inject $1000.00),buy 0.02 units (inject $1000.00),buy 0.02 units (inject $1000.00),buy 0.02 units (inject $1000.00),hold,buy 0.02 units (inject $1000.00),buy 0.02 units (inject $1000.00),12000.058680525957,12000.058680525957,12000.058680525957,28998.723740709604,0.0,33998.20737609835,15999.93521873187,12000.0,12000.0,12000.0,29000.0,0.0,34000.0,16000.0,58967.9901846781,58967.82224831374,buy 0.03 units (inject $2000.00),24000.117361051914,24000.0
34,2025-04-10 01:41:14.676267,58963.79,58966.13756625453,58966.086062220624,58967.93563012485,58969.32555287467,58961.87915112731,58963.79,58972.87,58968.324,buy 0.02 units (inject $1000.00),buy 0.02 units (inject $1000.00),buy 0.02 units (inject $1000.00),buy 0.02 units (inject $1000.00),hold,buy 0.02 units (inject $1000.00),buy 0.02 units (inject $1000.00),13000.058680525957,13000.058680525957,13000.058680525957,29998.723740709604,0.0,34998.20737609835,16999.93521873187,13000.0,13000.0,13000.0,30000.0,0.0,35000.0,17000.0,58967.65781769578,58967.51491452885,buy 0.03 units (inject $2000.00),26000.117361051914,26000.0
35,2025-04-10 01:41:14.961267,58963.45,58966.13756625453,58966.086062220624,58967.93563012485,58969.32555287467,58961.19974001506,58963.45,58972.87,58968.324,buy 0.02 units (inject $1000.00),buy 0.02 units (inject $1000.00),buy 0.02 units (inject $1000.00),buy 0.02 units (inject $1000.00),hold,buy 0.02 units (inject $1000.00),buy 0.02 units (inject $1000.00),13999.983718927468,13999.983718927468,13999.983718927468,30998.550760545473,0.0,35998.00556765781,17999.837192842177,14000.0,14000.0,14000.0,31000.0,0.0,36000.0,18000.0,58967.643080199145,58967.49930571927,buy 0.03 units (inject $2000.00),27999.967437854935,28000.0
36,2025-04-10 01:41:15.246266,58963.45,58966.13756625453,58966.086062220624,58967.93563012485,58969.32555287467,58961.53944115181,58963.45,58972.87,58968.324,buy 0.02 units (inject $1000.00),buy 0.02 units (inject $1000.00),buy 0.02 units (inject $1000.00),buy 0.02 units (inject $1000.00),hold,buy 0.02 units (inject $1000.00),buy 0.02 units (inject $1000.00),14999.983718927468,14999.983718927468,14999.983718927468,31998.550760545473,0.0,36998.00556765781,18999.83719284218,15000.0,15000.0,15000.0,32000.0,0.0,37000.0,19000.0,58967.650596322426,58967.50726621215,buy 0.03 units (inject $2000.00),29999.967437854935,30000.0
37,2025-04-10 01:41:15.532268,58963.58,58966.13756625453,58966.086062220624,58967.71006387085,58969.16484447231,58961.60891541543,58963.58,58972.66,58968.008,buy 0.02 units (inject $1000.00),buy 0.02 units (inject $1000.00),buy 0.02 units (inject $1000.00),buy 0.02 units (inject $1000.00),hold,buy 0.02 units (inject $1000.00),buy 0.02 units (inject $1000.00),16000.016790226442,16000.016790226442,16000.016790226442,32998.621309531314,0.0,37998.087139219926,19999.879082840733,16000.0,16000.0,16000.0,33000.0,0.0,38000.0,20000.0,58968.21754535365,58968.01141784854,buy 0.03 units (inject $2000.00),32000.033580452884,32000.0
38,2025-04-10 01:41:15.825154,58963.58,58966.13756625453,58966.086062220624,58967.71006387085,58969.16484447231,58961.46167583833,58963.58,58972.66,58968.008,buy 0.02 units (inject $1000.00),buy 0.02 units (inject $1000.00),buy 0.02 units (inject $1000.00),buy 0.02 units (inject $1000.00),hold,buy 0.02 units (inject $1000.00),buy 0.02 units (inject $1000.00),17000.01679022644,17000.01679022644,17000.01679022644,33998.621309531314,0.0,38998.087139219926,20999.87908284073,17000.0,17000.0,17000.0,34000.0,0.0,39000.0,21000.0,58968.294345682596,58968.07068811688,buy 0.03 units (inject $2000.00),34000.03358045288,34000.0
39,2025-04-10 01:41:16.113959,58963.34,58966.13756625453,58966.086062220624,58967.71006387085,58969.16484447231,58960.981919160324,58963.34,58972.66,58968.008,buy 0.02 units (inject $1000.00),buy 0.02 units (inject $1000.00),buy 0.02 units (inject $1000.00),buy 0.02 units (inject $1000.00),hold,buy 0.02 units (inject $1000.00),buy 0.02 units (inject $1000.00),17999.947594902314,17999.947594902314,17999.947594902314,34998.48292463144,0.0,39997.92840494847,21999.793606840463,18000.0,18000.0,18000.0,35000.0,0.0,40000.0,22000.0,58968.29329249514,58968.06994719515,buy 0.03 units (inject $2000.00),35999.89518980463,36000.0
40,2025-04-10 01:41:16.400960,58963.34,58966.13756625453,58966.086062220624,58966.987622921275,58968.380327454426,58960.779088270116,58963.34,58971.86,58967.926,buy 0.02 units (inject $1000.00),buy 0.02 units (inject $1000.00),buy 0.02 units (inject $1000.00),buy 0.02 units (inject $1000.00),hold,buy 0.02 units (inject $1000.00),buy 0.02 units (inject $1000.00),18999.947594902318,18999.947594902318,18999.947594902318,35998.48292463144,0.0,40997.92840494847,22999.793606840463,19000.0,19000.0,19000.0,36000.0,0.0,41000.0,23000.0,58966.69450114101,58966.45833150649,buy 0.03 units (inject $2000.00),37999.895189804636,38000.0
41,2025-04-10 01:41:16.693438,58963.44,58966.13756625453,58966.086062220624,58966.89410278512,58968.29026249226,58960.915491491905,58963.44,58971.78,58967.81,buy 0.02 units (inject $1000.00),buy 0.02 units (inject $1000.00),buy 0.02 units (inject $1000.00),buy 0.02 units (inject $1000.00),hold,buy 0.02 units (inject $1000.00),buy 0.02 units (inject $1000.00),19999.97981822548,19999.97981822548,19999.97981822548,36998.5439769445,0.0,41997.99793616636,23999.832613778686,20000.0,20000.0,20000.0,37000.0,0.0,42000.0,24000.0,58965.59938247316,58965.37595047172,hold,37999.95963645096,38000.0
42,2025-04-10 01:41:16.982438,58963.44,58966.13756625453,58966.086062220624,58966.74372528245,58968.184971550225,58960.80026106519,58963.44,58971.64,58967.598,buy 0.02 units (inject $1000.00),buy 0.02 units (inject $1000.00),buy 0.02 units (inject $1000.00),buy 0.02 units (inject $1000.00),hold,buy 0.02 units (inject $1000.00),buy 0.02 units (inject $1000.00),20999.979818225478,20999.979818225478,20999.979818225478,37998.5439769445,0.0,42997.99793616636,24999.832613778686,21000.0,21000.0,21000.0,38000.0,0.0,43000.0,25000.0,58965.59099882745,58965.35325995021,hold,37999.95963645096,38000.0
43,2025-04-10 01:41:17.271442,58962.85,58966.13756625453,58966.47544742055,58967.1290890592,58968.57562530557,58959.62395267371,58962.85,58972.055,58968.027,buy 0.02 units (inject $1000.00),buy 0.02 units (inject $1000.00),buy 0.02 units (inject $1000.00),buy 0.02 units (inject $1000.00),hold,buy 0.02 units (inject $1000.00),buy 0.02 units (inject $1000.00),21999.769688217923,21999.769688217923,21999.769688217923,38998.16375589657,0.0,43997.567689579955,25999.582460442274,22000.0,22000.0,22000.0,39000.0,0.0,44000.0,26000.0,58965.71793629788,58965.49495962406,buy 0.03 units (inject $2000.00),39999.57940123766,40000.0
44,2025-04-10 01:41:17.562438,58962.85,58966.13756625453,58966.086062220624,58966.74372528245,58968.184971550225,58959.983639390804,58962.85,58971.64,58967.598,buy 0.02 units (inject $1000.00),buy 0.02 units (inject $1000.00),buy 0.02 units (inject $1000.00),buy 0.02 units (inject $1000.00),hold,buy 0.02 units (inject $1000.00),buy 0.02 units (inject $1000.00),22999.76968821792,22999.76968821792,22999.76968821792,39998.16375589657,0.0,44997.567689579955,26999.582460442274,23000.0,23000.0,23000.0,40000.0,0.0,45000.0,27000.0,58966.99145270506,58966.74054604901,buy 0.03 units (inject $2000.00),41999.57940123765,42000.0
45,2025-04-10 01:41:17.852438,58962.96,58966.13756625453,58966.47544742055,58967.1290890592,58968.57562530557,58960.220221864605,58962.96,58972.055,58968.027,buy 0.02 units (inject $1000.00),buy 0.02 units (inject $1000.00),buy 0.02 units (inject $1000.00),buy 0.02 units (inject $1000.00),hold,buy 0.02 units (inject $1000.00),buy 0.02 units (inject $1000.00),23999.812596161915,23999.812596161915,23999.812596161915,40998.238375729445,0.0,45997.651636208146,27999.632830362836,24000.0,24000.0,24000.0,41000.0,0.0,46000.0,28000.0,58966.98134898242,58966.697968809305,buy 0.03 units (inject $2000.00),43999.65775487446,44000.0
46,2025-04-10 01:41:18.146438,58962.96,58966.13756625453,58966.086062220624,58966.35222290186,58967.83404647876,58960.27754370365,58962.96,58971.242,58967.133,buy 0.02 units (inject $1000.00),buy 0.02 units (inject $1000.00),buy 0.02 units (inject $1000.00),buy 0.02 units (inject $1000.00),hold,buy 0.02 units (inject $1000.00),buy 0.02 units (inject $1000.00),24999.812596161915,24999.812596161915,24999.812596161915,41998.23837572945,0.0,46997.651636208146,28999.632830362836,25000.0,25000.0,25000.0,42000.0,0.0,47000.0,29000.0,58966.64073715482,58966.34186232999,buy 0.03 units (inject $2000.00),45999.65775487446,46000.0
47,2025-04-10 01:41:18.431438,58963.28,58966.13756625453,58966.086062220624,58966.74372528245,58968.184971550225,58960.90355280681,58963.28,58971.64,58967.598,buy 0.02 units (inject $1000.00),buy 0.02 units (inject $1000.00),buy 0.02 units (inject $1000.00),buy 0.02 units (inject $1000.00),hold,buy 0.02 units (inject $1000.00),buy 0.02 units (inject $1000.00),25999.94827354363,25999.94827354363,25999.94827354363,42998.46630587883,0.0,47997.90669885296,29999.79021531274,26000.0,26000.0,26000.0,43000.0,0.0,48000.0,30000.0,58966.55325743509,58966.269342318614,buy 0.03 units (inject $2000.00),47999.9074012708,48000.0
48,2025-04-10 01:41:18.729757,58963.28,58966.13756625453,58966.086062220624,58966.27703415053,58967.780215962935,58960.61491983805,58963.28,58971.17,58967.027,buy 0.02 units (inject $1000.00),buy 0.02 units (inject $1000.00),buy 0.02 units (inject $1000.00),buy 0.02 units (inject $1000.00),hold,buy 0.02 units (inject $1000.00),buy 0.02 units (inject $1000.00),26999.94827354363,26999.94827354363,26999.94827354363,43998.46630587883,0.0,48997.90669885297,30999.790215312743,27000.0,27000.0,27000.0,44000.0,0.0,49000.0,31000.0,58966.149898246505,58965.84648292489,buy 0.03 units (inject $2000.00),49999.9074012708,50000.0
49,2025-04-10 01:41:19.021757,58963.39,58966.13756625453,58966.086062220624,58966.27703415053,58967.780215962935,58960.98112681972,58963.39,58971.17,58967.027,buy 0.02 units (inject $1000.00),buy 0.02 units (inject $1000.00),buy 0.02 units (inject $1000.00),buy 0.02 units (inject $1000.00),hold,buy 0.02 units (inject $1000.00),buy 0.02 units (inject $1000.00),27999.99864377931,27999.99864377931,27999.99864377931,44998.54838800339,0.0,49997.99810777284,31999.848047524993,28000.0,28000.0,28000.0,45000.0,0.0,50000.0,32000.0,58966.18049736415,58965.873708829735,buy 0.03 units (inject $2000.00),52000.00067949097,52000.0
50,2025-04-10 01:41:19.314757,58963.39,58966.13756625453,58966.086062220624,58966.27703415053,58967.780215962935,58960.90846917103,58963.39,58971.17,58967.027,buy 0.02 units (inject $1000.00),buy 0.02 units (inject $1000.00),buy 0.02 units (inject $1000.00),buy 0.02 units (inject $1000.00),hold,buy 0.02 units (inject $1000.00),buy 0.02 units (inject $1000.00),28999.998643779305,28999.998643779305,28999.998643779305,45998.54838800339,0.0,50997.998107772844,32999.848047524996,29000.0,29000.0,29000.0,46000.0,0.0,51000.0,33000.0,58966.081431197,58965.87429825743,buy 0.03 units (inject $2000.00),54000.00067949097,54000.0
51,2025-04-10 01:41:19.598763,58963.06,58966.13756625453,58966.086062220624,58966.27703415053,58967.780215962935,58960.24271542275,58963.06,58971.17,58967.027,buy 0.02 units (inject $1000.00),buy 0.02 units (inject $1000.00),buy 0.02 units (inject $1000.00),buy 0.02 units (inject $1000.00),hold,buy 0.02 units (inject $1000.00),buy 0.02 units (inject $1000.00),29999.836339685997,29999.836339685997,29999.836339685997,46998.29094824344,0.0,51997.71268762696,33999.66335750199,30000.0,30000.0,30000.0,47000.0,0.0,52000.0,34000.0,58966.171172897186,58965.95996050514,buy 0.03 units (inject $2000.00),55999.6984580579,56000.0
52,2025-04-10 01:41:19.896763,58963.06,58966.13756625453,58966.086062220624,58966.27703415053,58967.780215962935,58960.57296146024,58963.06,58971.17,58967.027,buy 0.02 units (inject $1000.00),buy 0.02 units (inject $1000.00),buy 0.02 units (inject $1000.00),buy 0.02 units (inject $1000.00),hold,buy 0.02 units (inject $1000.00),buy 0.02 units (inject $1000.00),30999.836339686,30999.836339686,30999.836339686,47998.29094824344,0.0,52997.71268762696,34999.663357501995,31000.0,31000.0,31000.0,48000.0,0.0,53000.0,35000.0,58966.15643540055,58965.94435169555,buy 0.03 units (inject $2000.00),57999.6984580579,58000.0
53,2025-04-10 01:41:20.183451,58963.17,58966.13756625453,58966.086062220624,58966.27703415053,58967.780215962935,58960.7630462456,58963.17,58971.17,58967.027,buy 0.02 units (inject $1000.00),buy 0.02 units (inject $1000.00),buy 0.02 units (inject $1000.00),buy 0.02 units (inject $1000.00),hold,buy 0.02 units (inject $1000.00),buy 0.02 units (inject $1000.00),31999.894172200078,31999.894172200078,31999.894172200078,48998.3804926464,0.0,53997.81155882523,35999.728651992635,32000.0,32000.0,32000.0,49000.0,0.0,54000.0,36000.0,58966.56382186859,58966.3248480061,buy 0.03 units (inject $2000.00),59999.806660834874,60000.0
54,2025-04-10 01:41:20.474449,58963.17,58966.13756625453,58966.086062220624,58966.44606057299,58967.93941430582,58960.72492950947,58963.17,58971.34,58967.133,buy 0.02 units (inject $1000.00),buy 0.02 units (inject $1000.00),buy 0.02 units (inject $1000.00),buy 0.02 units (inject $1000.00),hold,buy 0.02 units (inject $1000.00),buy 0.02 units (inject $1000.00),32999.89417220008,32999.89417220008,32999.89417220008,49998.3804926464,0.0,54997.81155882523,36999.728651992635,33000.0,33000.0,33000.0,50000.0,0.0,55000.0,37000.0,58966.29078668993,58966.07575556009,buy 0.03 units (inject $2000.00),61999.806660834874,62000.0
55,2025-04-10 01:41:20.769456,58963.45,58966.13756625453,58966.086062220624,58966.44606057299,58967.93941430582,58961.28517740323,58963.45,58971.34,58967.133,buy 0.02 units (inject $1000.00),buy 0.02 units (inject $1000.00),buy 0.02 units (inject $1000.00),buy 0.02 units (inject $1000.00),hold,buy 0.02 units (inject $1000.00),buy 0.02 units (inject $1000.00),34000.050879689996,34000.050879689996,34000.050879689996,50998.617921308025,0.0,55998.07272842036,37999.90435360472,34000.0,34000.0,34000.0,51000.0,0.0,56000.0,38000.0,58966.2760491933,58966.0601467505,buy 0.03 units (inject $2000.00),64000.10108099351,64000.0
56,2025-04-10 01:41:21.058456,58963.45,58966.13756625453,58966.086062220624,58966.44606057299,58967.93941430582,58961.00492950947,58963.45,58971.34,58967.133,buy 0.02 units (inject $1000.00),buy 0.02 units (inject $1000.00),buy 0.02 units (inject $1000.00),buy 0.02 units (inject $1000.00),hold,buy 0.02 units (inject $1000.00),buy 0.02 units (inject $1000.00),35000.050879689996,35000.050879689996,35000.050879689996,51998.617921308025,0.0,56998.07272842036,38999.904353604725,35000.0,35000.0,35000.0,52000.0,0.0,57000.0,39000.0,58966.29078668993,58966.07575556009,buy 0.03 units (inject $2000.00),66000.10108099351,66000.0
57,2025-04-10 01:41:21.354456,58963.54,58966.13756625453,58966.086062220624,58966.44606057299,58967.93941430582,58961.18492950948,58963.54,58971.34,58967.133,buy 0.02 units (inject $1000.00),buy 0.02 units (inject $1000.00),buy 0.02 units (inject $1000.00),buy 0.02 units (inject $1000.00),hold,buy 0.02 units (inject $1000.00),buy 0.02 units (inject $1000.00),36000.10430269322,36000.10430269322,36000.10430269322,52998.697290402146,0.0,57998.15972852883,39999.9638818615,36000.0,36000.0,36000.0,53000.0,0.0,58000.0,40000.0,58966.29078668993,58966.07575556009,buy 0.03 units (inject $2000.00),68000.20182152171,68000.0
58,2025-04-10 01:41:21.642957,58963.54,58966.13756625453,58966.086062220624,58966.44606057299,58967.93941430582,58961.094929509476,58963.54,58971.34,58967.133,buy 0.02 units (inject $1000.00),buy 0.02 units (inject $1000.00),buy 0.02 units (inject $1000.00),buy 0.02 units (inject $1000.00),hold,buy 0.02 units (inject $1000.00),buy 0.02 units (inject $1000.00),37000.10430269322,37000.10430269322,37000.10430269322,53998.697290402146,0.0,58998.15972852883,40999.96388186149,37000.0,37000.0,37000.0,54000.0,0.0,59000.0,41000.0,58966.29078668993,58966.07575556009,buy 0.03 units (inject $2000.00),70000.20182152171,70000.0
59,2025-04-10 01:41:21.933488,58963.27,58966.13756625453,58966.086062220624,58966.52124932432,58967.993316324726,58960.436440951926,58963.27,58971.41,58967.24,buy 0.02 units (inject $1000.00),buy 0.02 units (inject $1000.00),buy 0.02 units (inject $1000.00),buy 0.02 units (inject $1000.00),hold,buy 0.02 units (inject $1000.00),buy 0.02 units (inject $1000.00),37999.934875481726,37999.934875481726,37999.934875481726,54998.45002491794,0.0,59997.8895700016,41999.77613888934,38000.0,38000.0,38000.0,55000.0,0.0,60000.0,42000.0,58966.68216629691,58966.38547348942,buy 0.03 units (inject $2000.00),71999.88128353345,72000.0
60,2025-04-10 01:41:22.219050,58963.27,58966.13756625453,58966.086062220624,58966.44606057299,58967.93941430582,58960.82517740323,58963.27,58971.34,58967.133,buy 0.02 units (inject $1000.00),buy 0.02 units (inject $1000.00),buy 0.02 units (inject $1000.00),buy 0.02 units (inject $1000.00),hold,buy 0.02 units (inject $1000.00),buy 0.02 units (inject $1000.00),38999.93487548172,38999.93487548172,38999.93487548172,55998.45002491794,0.0,60997.88957000161,42999.776138889334,39000.0,39000.0,39000.0,56000.0,0.0,61000.0,43000.0,58966.2760491933,58966.0601467505,buy 0.03 units (inject $2000.00),73999.88128353344,74000.0
61,2025-04-10 01:41:22.512050,58963.38,58966.13756625453,58966.086062220624,58966.44606057299,58967.93941430582,58961.04517740323,58963.38,58971.34,58967.133,buy 0.02 units (inject $1000.00),buy 0.02 units (inject $1000.00),buy 0.02 units (inject $1000.00),buy 0.02 units (inject $1000.00),hold,buy 0.02 units (inject $1000.00),buy 0.02 units (inject $1000.00),40000.007632519046,40000.007632519046,40000.007632519046,56998.55449384415,0.0,61998.003365723125,43999.856357903234,40000.0,40000.0,40000.0,57000.0,0.0,62000.0,44000.0,58966.2760491933,58966.0601467505,buy 0.03 units (inject $2000.00),76000.01933535692,76000.0
62,2025-04-10 01:41:22.796561,58963.38,58966.13756625453,58966.086062220624,58966.44606057299,58967.93941430582,58960.93492950947,58963.38,58971.34,58967.133,buy 0.02 units (inject $1000.00),buy 0.02 units (inject $1000.00),buy 0.02 units (inject $1000.00),buy 0.02 units (inject $1000.00),hold,buy 0.02 units (inject $1000.00),buy 0.02 units (inject $1000.00),41000.00763251905,41000.00763251905,41000.00763251905,57998.55449384415,0.0,62998.003365723125,44999.856357903234,41000.0,41000.0,41000.0,58000.0,0.0,63000.0,45000.0,58966.29078668993,58966.07575556009,buy 0.03 units (inject $2000.00),78000.01933535692,78000.0
63,2025-04-10 01:41:23.094562,58963.36,58966.13756625453,58966.086062220624,58966.44606057299,58967.93941430582,58961.26201632285,58963.36,58971.34,58967.133,buy 0.02 units (inject $1000.00),buy 0.02 units (inject $1000.00),buy 0.02 units (inject $1000.00),buy 0.02 units (inject $1000.00),hold,buy 0.02 units (inject $1000.00),buy 0.02 units (inject $1000.00),41999.99372557965,41999.99372557965,41999.99372557965,58998.534821106776,0.0,63997.981997204784,45999.84109424082,42000.0,42000.0,42000.0,59000.0,0.0,64000.0,46000.0,58966.688529612984,58966.40082089731,buy 0.03 units (inject $2000.00),79999.99287825105,80000.0
64,2025-04-10 01:41:23.384561,58963.36,58966.13756625453,58966.086062220624,58966.44606057299,58967.93941430582,58961.28137297741,58963.36,58971.34,58967.133,buy 0.02 units (inject $1000.00),buy 0.02 units (inject $1000.00),buy 0.02 units (inject $1000.00),buy 0.02 units (inject $1000.00),hold,buy 0.02 units (inject $1000.00),buy 0.02 units (inject $1000.00),42999.99372557965,42999.99372557965,42999.99372557965,59998.534821106776,0.0,64997.981997204784,46999.84109424082,43000.0,43000.0,43000.0,60000.0,0.0,65000.0,47000.0,58966.70326710962,58966.4164297069,buy 0.03 units (inject $2000.00),81999.99287825105,82000.0
65,2025-04-10 01:41:23.677561,58963.57,58966.13756625453,58966.086062220624,58966.52124932432,58967.993316324726,58961.76486615986,58963.57,58971.41,58967.24,buy 0.02 units (inject $1000.00),buy 0.02 units (inject $1000.00),buy 0.02 units (inject $1000.00),buy 0.02 units (inject $1000.00),hold,buy 0.02 units (inject $1000.00),buy 0.02 units (inject $1000.00),44000.14687151099,44000.14687151099,44000.14687151099,60998.7485079169,0.0,65998.21348971504,48000.008485763785,44000.0,44000.0,44000.0,61000.0,0.0,66000.0,48000.0,58966.71667757911,58966.482714101454,buy 0.03 units (inject $2000.00),84000.28492399784,84000.0
66,2025-04-10 01:41:23.968561,58963.57,58966.13756625453,58966.086062220624,58966.52124932432,58967.993316324726,58961.57892084745,58963.57,58971.41,58967.24,buy 0.02 units (inject $1000.00),buy 0.02 units (inject $1000.00),buy 0.02 units (inject $1000.00),buy 0.02 units (inject $1000.00),hold,buy 0.02 units (inject $1000.00),buy 0.02 units (inject $1000.00),45000.14687151099,45000.14687151099,45000.14687151099,61998.7485079169,0.0,66998.21348971504,49000.008485763785,45000.0,45000.0,45000.0,62000.0,0.0,67000.0,49000.0,58966.63948472311,58966.451933169694,buy 0.03 units (inject $2000.00),86000.28492399784,86000.0
67,2025-04-10 01:41:24.260562,58963.77,58966.13756625453,58966.086062220624,58966.61508699545,58968.09791470338,58962.148745659186,58963.77,58971.508,58967.242,buy 0.02 units (inject $1000.00),buy 0.02 units (inject $1000.00),buy 0.02 units (inject $1000.00),buy 0.02 units (inject $1000.00),hold,buy 0.02 units (inject $1000.00),buy 0.02 units (inject $1000.00),46000.29950862869,46000.29950862869,46000.29950862869,62998.958803014386,0.0,67998.44074262217,50000.174690111606,46000.0,46000.0,46000.0,63000.0,0.0,68000.0,50000.0,58966.73943784397,58966.56250972756,buy 0.03 units (inject $2000.00),88000.57663050381,88000.0
68,2025-04-10 01:41:24.552561,58963.77,58966.13756625453,58966.086062220624,58966.61508699545,58968.09791470338,58961.94898971585,58963.77,58971.508,58967.242,buy 0.02 units (inject $1000.00),buy 0.02 units (inject $1000.00),buy 0.02 units (inject $1000.00),buy 0.02 units (inject $1000.00),hold,buy 0.02 units (inject $1000.00),buy 0.02 units (inject $1000.00),47000.29950862869,47000.29950862869,47000.29950862869,63998.958803014386,0.0,68998.44074262217,51000.174690111606,47000.0,47000.0,47000.0,64000.0,0.0,69000.0,51000.0,58966.72470034734,58966.54690091797,buy 0.03 units (inject $2000.00),90000.57663050383,90000.0
69,2025-04-10 01:41:24.844568,58963.97,58966.13756625453,58966.086062220624,58966.69027574678,58968.15188816482,58962.34221023304,58963.97,58971.58,58967.348,buy 0.02 units (inject $1000.00),buy 0.02 units (inject $1000.00),buy 0.02 units (inject $1000.00),buy 0.02 units (inject $1000.00),hold,buy 0.02 units (inject $1000.00),buy 0.02 units (inject $1000.00),48000.45892957315,48000.45892957315,48000.45892957315,64999.17588193862,0.0,69998.67477935606,52000.34767828618,48000.0,48000.0,48000.0,65000.0,0.0,70000.0,52000.0,58966.74774986588,58966.57294091798,buy 0.03 units (inject $2000.00),92000.8819046633,92000.0
70,2025-04-10 01:41:25.137958,58963.97,58966.13756625453,58967.27453075912,58967.97112468008,58969.244599025806,58963.97,58963.97,58972.62,58967.195,buy 0.02 units (inject $1000.00),buy 0.02 units (inject $1000.00),buy 0.02 units (inject $1000.00),buy 0.02 units (inject $1000.00),hold,buy 0.02 units (inject $1000.00),buy 0.02 units (inject $1000.00),49000.45892957315,49000.45892957315,49000.45892957315,65999.17588193862,0.0,70998.67477935606,53000.34767828618,49000.0,49000.0,49000.0,66000.0,0.0,71000.0,53000.0,58967.592790093,58967.474132308,buy 0.03 units (inject $2000.00),94000.88190466331,94000.0
71,2025-04-10 01:41:25.424959,58964.27,58966.13756625453,58967.27453075912,58967.97112468008,58969.244599025806,58962.933461197725,58964.27,58972.62,58967.195,hold,buy 0.02 units (inject $1000.00),buy 0.02 units (inject $1000.00),buy 0.02 units (inject $1000.00),hold,buy 0.02 units (inject $1000.00),buy 0.02 units (inject $1000.00),49000.70823669543,50000.70823669543,50000.70823669543,66999.51167603058,0.0,71999.0360101625,54000.61733625364,49000.0,50000.0,50000.0,67000.0,0.0,72000.0,54000.0,58967.47873289969,58967.36960157454,buy 0.03 units (inject $2000.00),96001.36016731372,96000.0
72,2025-04-10 01:41:25.714958,58964.27,58966.13756625453,58966.086062220624,58966.61508699545,58968.09791470338,58962.448849881,58964.27,58971.508,58967.242,hold,hold,buy 0.02 units (inject $1000.00),buy 0.02 units (inject $1000.00),hold,buy 0.02 units (inject $1000.00),buy 0.02 units (inject $1000.00),49000.70823669543,50000.70823669543,51000.70823669543,67999.51167603058,0.0,72999.0360101625,55000.61733625364,49000.0,50000.0,51000.0,68000.0,0.0,73000.0,55000.0,58966.7331744079,58966.55587598349,buy 0.03 units (inject $2000.00),98001.36016731372,98000.0
73,2025-04-10 01:41:26.013958,58964.46,58966.13756625453,58966.086062220624,58966.61508699545,58968.09791470338,58962.82860346653,58964.46,58971.508,58967.242,hold,hold,buy 0.02 units (inject $1000.00),buy 0.02 units (inject $1000.00),hold,buy 0.02 units (inject $1000.00),buy 0.02 units (inject $1000.00),49000.8661312062,50000.869353496586,52000.87257578696,68999.73079020293,0.0,73999.27123425402,56000.79456421379,49000.0,50000.0,52000.0,69000.0,0.0,74000.0,56000.0,58966.74791190453,58966.57148479307,buy 0.03 units (inject $2000.00),100001.67595615383,100000.0
74,2025-04-10 01:41:26.307963,58964.46,58966.13756625453,58966.086062220624,58966.61508699545,58968.09791470338,58962.638849881005,58964.46,58971.508,58967.242,hold,hold,buy 0.02 units (inject $1000.00),buy 0.02 units (inject $1000.00),hold,buy 0.02 units (inject $1000.00),buy 0.02 units (inject $1000.00),49000.8661312062,50000.869353496586,53000.87257578696,69999.73079020294,0.0,74999.27123425402,57000.79456421379,49000.0,50000.0,53000.0,70000.0,0.0,75000.0,57000.0,58966.7331744079,58966.55587598349,buy 0.03 units (inject $2000.00),102001.67595615383,102000.0
75,2025-04-10 01:41:26.598958,58964.23,58966.13756625453,58966.086062220624,58966.69027574678,58968.15188816482,58962.16961853229,58964.23,58971.58,58967.348,hold,hold,buy 0.02 units (inject $1000.00),buy 0.02 units (inject $1000.00),hold,buy 0.02 units (inject $1000.00),buy 0.02 units (inject $1000.00),49000.674995745794,50000.674317368874,54000.66583768248,70999.45774542169,0.0,75998.97868799168,58000.57222379467,49000.0,50000.0,54000.0,71000.0,0.0,76000.0,58000.0,58966.77354144274,58966.59183850451,buy 0.03 units (inject $2000.00),104001.27808283371,104000.0
76,2025-04-10 01:41:26.889966,58964.23,58966.13756625453,58966.086062220624,58966.75932589428,58968.248914076896,58962.384126914534,58964.23,58971.66,58967.418,hold,hold,buy 0.02 units (inject $1000.00),buy 0.02 units (inject $1000.00),hold,buy 0.02 units (inject $1000.00),buy 0.02 units (inject $1000.00),49000.674995745794,50000.674317368874,55000.66583768248,71999.45774542169,0.0,76998.97868799168,59000.57222379467,49000.0,50000.0,55000.0,72000.0,0.0,77000.0,59000.0,58966.85611576732,58966.67302439117,buy 0.03 units (inject $2000.00),106001.27808283371,106000.0
77,2025-04-10 01:41:27.182966,58964.41,58966.13756625453,58966.086062220624,58966.75932589428,58968.248914076896,58962.74406326595,58964.41,58971.66,58967.418,hold,hold,buy 0.02 units (inject $1000.00),buy 0.02 units (inject $1000.00),hold,buy 0.02 units (inject $1000.00),buy 0.02 units (inject $1000.00),49000.824580019165,50000.82695433839,56000.83373811722,72999.67753803825,0.0,77999.2137426369,60000.75233473651,49000.0,50000.0,56000.0,73000.0,0.0,78000.0,60000.0,58966.85825270433,58966.675287668564,buy 0.03 units (inject $2000.00),108001.6016727467,108000.0
78,2025-04-10 01:41:27.468966,58964.41,58966.13756625453,58966.086062220624,58966.75932589428,58968.248914076896,58962.56415539868,58964.41,58971.66,58967.418,hold,hold,buy 0.02 units (inject $1000.00),buy 0.02 units (inject $1000.00),hold,buy 0.02 units (inject $1000.00),buy 0.02 units (inject $1000.00),49000.824580019165,50000.82695433839,57000.83373811722,73999.67753803825,0.0,78999.21374263692,61000.75233473652,49000.0,50000.0,57000.0,74000.0,0.0,79000.0,61000.0,58966.85515783004,58966.672009818554,buy 0.03 units (inject $2000.00),110001.6016727467,110000.0
79,2025-04-10 01:41:27.759966,58964.41,58966.13756625453,58966.086062220624,58966.75932589428,58968.248914076896,58962.564218833504,58964.41,58971.66,58967.418,hold,hold,buy 0.02 units (inject $1000.00),buy 0.02 units (inject $1000.00),hold,buy 0.02 units (inject $1000.00),buy 0.02 units (inject $1000.00),49000.824580019165,50000.82695433839,58000.83373811722,74999.67753803825,0.0,79999.21374263692,62000.75233473653,49000.0,50000.0,58000.0,75000.0,0.0,80000.0,62000.0,58966.853020893024,58966.66974654116,buy 0.03 units (inject $2000.00),112001.60167274669,112000.0
80,2025-04-10 01:41:28.049965,58964.43,58966.13756625453,58966.086062220624,58967.1001095122,58968.54082467373,58962.38841290663,58964.43,58971.984,58967.824,hold,hold,buy 0.02 units (inject $1000.00),buy 0.02 units (inject $1000.00),hold,buy 0.02 units (inject $1000.00),buy 0.02 units (inject $1000.00),49000.84120049398,50000.84391400166,59000.853411284035,75999.70297700305,0.0,80999.24087738269,63000.77336462636,49000.0,50000.0,59000.0,76000.0,0.0,81000.0,63000.0,58967.670106052785,58967.43221754439,buy 0.03 units (inject $2000.00),114001.63966230741,114000.0
81,2025-04-10 01:41:28.334966,58964.61,58966.13756625453,58966.086062220624,58967.17529826353,58968.59408585757,58962.82058646709,58964.61,58972.055,58967.93,hold,hold,buy 0.02 units (inject $1000.00),buy 0.02 units (inject $1000.00),hold,buy 0.02 units (inject $1000.00),buy 0.02 units (inject $1000.00),49000.990784767346,50000.996550971184,60001.03352247335,76999.93498037416,0.0,81999.48814278249,64000.96568632278,49000.0,50000.0,60000.0,77000.0,0.0,82000.0,64000.0,58967.59631246539,58967.3407391814,buy 0.03 units (inject $2000.00),116001.98767372953,116000.0
82,2025-04-10 01:41:28.622476,58964.61,58966.13756625453,58966.086062220624,58967.17529826353,58968.59408585757,58962.65814812128,58964.61,58972.055,58967.93,hold,hold,buy 0.02 units (inject $1000.00),buy 0.02 units (inject $1000.00),hold,buy 0.02 units (inject $1000.00),buy 0.02 units (inject $1000.00),49000.990784767346,50000.996550971184,61001.03352247335,77999.93498037418,0.0,82999.48814278249,65000.96568632278,49000.0,50000.0,61000.0,78000.0,0.0,83000.0,65000.0,58967.360512519284,58967.09099822802,buy 0.03 units (inject $2000.00),118001.98767372953,118000.0
83,2025-04-10 01:41:28.920485,58964.61,58966.13756625453,58966.086062220624,58966.82000387816,58968.29302209834,58962.70984243705,58964.61,58971.71,58967.48,hold,hold,buy 0.02 units (inject $1000.00),buy 0.02 units (inject $1000.00),hold,buy 0.02 units (inject $1000.00),buy 0.02 units (inject $1000.00),49000.990784767346,50000.996550971184,62001.03352247336,78999.93498037418,0.0,83999.4881427825,66000.96568632279,49000.0,50000.0,62000.0,79000.0,0.0,84000.0,66000.0,58967.2177868294,58966.94765864529,buy 0.03 units (inject $2000.00),120001.98767372954,120000.0
84,2025-04-10 01:41:29.210484,58964.61,58966.13756625453,58966.086062220624,58967.17529826353,58968.59408585757,58962.67397742894,58964.61,58972.055,58967.93,hold,hold,buy 0.02 units (inject $1000.00),buy 0.02 units (inject $1000.00),hold,buy 0.02 units (inject $1000.00),buy 0.02 units (inject $1000.00),49000.990784767346,50000.996550971184,63001.03352247336,79999.93498037418,0.0,84999.4881427825,67000.96568632279,49000.0,50000.0,63000.0,80000.0,0.0,85000.0,67000.0,58967.08557753636,58966.79980894375,buy 0.03 units (inject $2000.00),122001.98767372954,122000.0
85,2025-04-10 01:41:29.505487,58964.78,58966.13756625453,58966.086062220624,58967.17529826353,58968.59408585757,58963.013977428935,58964.78,58972.055,58967.93,hold,hold,buy 0.02 units (inject $1000.00),buy 0.02 units (inject $1000.00),hold,buy 0.02 units (inject $1000.00),buy 0.02 units (inject $1000.00),49001.132058803305,50001.14070810906,64001.21515982665,81000.1656270103,0.0,85999.73320355681,68001.15885582169,49000.0,50000.0,64000.0,81000.0,0.0,86000.0,68000.0,58967.08557753636,58966.79980894375,buy 0.03 units (inject $2000.00),124002.33941586612,124000.0
86,2025-04-10 01:41:29.793486,58964.78,58966.13756625453,58966.086062220624,58967.17529826353,58968.59408585757,58962.84376215077,58964.78,58972.055,58967.93,hold,hold,buy 0.02 units (inject $1000.00),buy 0.02 units (inject $1000.00),hold,buy 0.02 units (inject $1000.00),buy 0.02 units (inject $1000.00),49001.132058803305,50001.14070810906,65001.21515982664,82000.16562701028,0.0,86999.73320355681,69001.15885582168,49000.0,50000.0,65000.0,82000.0,0.0,87000.0,69000.0,58967.08955666045,58966.804023322344,buy 0.03 units (inject $2000.00),126002.33941586611,126000.0
87,2025-04-10 01:41:30.087959,58964.78,58966.13756625453,58966.086062220624,58967.17529826353,58968.59408585757,58962.84376215077,58964.78,58972.055,58967.93,hold,hold,buy 0.02 units (inject $1000.00),buy 0.02 units (inject $1000.00),hold,buy 0.02 units (inject $1000.00),buy 0.02 units (inject $1000.00),49001.132058803305,50001.14070810906,66001.21515982664,83000.16562701028,0.0,87999.7332035568,70001.15885582168,49000.0,50000.0,66000.0,83000.0,0.0,88000.0,70000.0,58967.08955666045,58966.804023322344,buy 0.03 units (inject $2000.00),128002.3394158661,128000.0
88,2025-04-10 01:41:30.377960,58964.41,58966.13756625453,58966.086062220624,58967.17529826353,58968.59408585757,58962.103802065605,58964.41,58972.055,58967.93,hold,hold,buy 0.02 units (inject $1000.00),buy 0.02 units (inject $1000.00),hold,buy 0.02 units (inject $1000.00),buy 0.02 units (inject $1000.00),49000.824580019165,50000.82695433839,67000.8010066727,83999.64480659373,0.0,88999.1810111924,71000.719603292,49000.0,50000.0,67000.0,84000.0,0.0,89000.0,71000.0,58967.08881978562,58966.80324288186,buy 0.03 units (inject $2000.00),130001.53620985764,130000.0
89,2025-04-10 01:41:30.666960,58964.59,58966.13756625453,58966.086062220624,58967.17529826353,58968.59408585757,58962.8333417083,58964.59,58972.055,58967.93,hold,hold,buy 0.02 units (inject $1000.00),buy 0.02 units (inject $1000.00),hold,buy 0.02 units (inject $1000.00),buy 0.02 units (inject $1000.00),49000.97416429252,50000.9795913079,68001.00553927432,84999.90123137717,0.0,89999.45269800452,72000.93634640075,49000.0,50000.0,68000.0,85000.0,0.0,90000.0,72000.0,58967.097293846185,58966.81221794737,buy 0.03 units (inject $2000.00),132001.9330641044,132000.0
90,2025-04-10 01:41:30.954960,58964.59,58966.13756625453,58966.086062220624,58967.17529826353,58968.59408585757,58962.63949996096,58964.59,58972.055,58967.93,hold,hold,buy 0.02 units (inject $1000.00),buy 0.02 units (inject $1000.00),hold,buy 0.02 units (inject $1000.00),buy 0.02 units (inject $1000.00),49000.97416429252,50000.9795913079,69001.00553927432,85999.90123137717,0.0,90999.45269800452,73000.93634640073,49000.0,50000.0,69000.0,86000.0,0.0,91000.0,73000.0,58967.3291146682,58967.05774452217,buy 0.03 units (inject $2000.00),134001.9330641044,134000.0
91,2025-04-10 01:41:31.241959,58964.59,58966.13756625453,58966.086062220624,58966.75932589428,58968.248914076896,58962.66034645337,58964.59,58971.66,58967.418,hold,hold,buy 0.02 units (inject $1000.00),buy 0.02 units (inject $1000.00),hold,buy 0.02 units (inject $1000.00),buy 0.02 units (inject $1000.00),49000.97416429252,50000.9795913079,70001.00553927432,86999.90123137717,0.0,91999.45269800452,74000.93634640073,49000.0,50000.0,70000.0,87000.0,0.0,92000.0,74000.0,58967.26273612296,58966.98876774908,buy 0.03 units (inject $2000.00),136001.9330641044,136000.0
92,2025-04-10 01:41:31.538958,58964.59,58966.13756625453,58966.086062220624,58966.75932589428,58968.248914076896,58962.735474175206,58964.59,58971.66,58967.418,hold,hold,buy 0.02 units (inject $1000.00),buy 0.02 units (inject $1000.00),hold,buy 0.02 units (inject $1000.00),buy 0.02 units (inject $1000.00),49000.97416429252,50000.9795913079,71001.00553927432,87999.90123137717,0.0,92999.45269800452,75000.93634640073,49000.0,50000.0,71000.0,88000.0,0.0,93000.0,75000.0,58967.088746422996,58966.919388724134,buy 0.03 units (inject $2000.00),138001.9330641044,138000.0
93,2025-04-10 01:41:31.832959,58964.76,58966.13756625453,58966.086062220624,58966.75932589428,58968.248914076896,58963.07547417522,58964.76,58971.66,58967.418,hold,hold,hold,buy 0.02 units (inject $1000.00),hold,buy 0.02 units (inject $1000.00),buy 0.02 units (inject $1000.00),49001.11543832849,50001.12374844578,71001.21024129874,89000.1549426844,0.0,93999.72082344996,76001.15258057075,49000.0,50000.0,71000.0,89000.0,0.0,94000.0,76000.0,58967.088746422996,58966.919388724134,buy 0.03 units (inject $2000.00),140002.33093558322,140000.0
94,2025-04-10 01:41:32.128959,58964.76,58966.13756625453,58966.086062220624,58966.75932589428,58968.248914076896,58962.913491565625,58964.76,58971.66,58967.418,hold,hold,hold,buy 0.02 units (inject $1000.00),hold,buy 0.02 units (inject $1000.00),buy 0.02 units (inject $1000.00),49001.11543832849,50001.12374844578,71001.21024129874,90000.15494268438,0.0,94999.72082344994,77001.15258057075,49000.0,50000.0,71000.0,90000.0,0.0,95000.0,77000.0,58966.85294647688,58966.669647770745,hold,140002.33093558322,140000.0
95,2025-04-10 01:41:32.415959,58964.76,58966.13756625453,58966.086062220624,58966.75932589428,58968.248914076896,58962.91305107453,58964.76,58971.66,58967.418,hold,hold,hold,buy 0.02 units (inject $1000.00),hold,buy 0.02 units (inject $1000.00),buy 0.02 units (inject $1000.00),49001.11543832849,50001.12374844578,71001.21024129874,91000.15494268438,0.0,95999.72082344994,78001.15258057074,49000.0,50000.0,71000.0,91000.0,0.0,96000.0,78000.0,58966.86768397351,58966.685256580335,hold,140002.33093558322,140000.0
96,2025-04-10 01:41:32.713960,58964.76,58966.13756625453,58966.086062220624,58966.75932589428,58968.248914076896,58962.91305107453,58964.76,58971.66,58967.418,hold,hold,hold,buy 0.02 units (inject $1000.00),hold,buy 0.02 units (inject $1000.00),buy 0.02 units (inject $1000.00),49001.11543832849,50001.12374844578,71001.21024129874,92000.15494268438,0.0,96999.72082344993,79001.15258057074,49000.0,50000.0,71000.0,92000.0,0.0,97000.0,79000.0,58966.86768397351,58966.685256580335,hold,140002.33093558322,140000.0
97,2025-04-10 01:41:32.999958,58964.76,58966.13756625453,58966.086062220624,58966.75932589428,58968.248914076896,58962.91374167227,58964.76,58971.66,58967.418,hold,hold,hold,buy 0.02 units (inject $1000.00),hold,buy 0.02 units (inject $1000.00),buy 0.02 units (inject $1000.00),49001.11543832849,50001.12374844578,71001.21024129874,93000.15494268437,0.0,97999.72082344993,80001.15258057072,49000.0,50000.0,71000.0,93000.0,0.0,98000.0,80000.0,58966.84447241632,58966.660672705235,hold,140002.33093558322,140000.0
98,2025-04-10 01:41:33.285968,58964.93,58966.13756625453,58966.086062220624,58967.1001095122,58968.54082467373,58963.06814318522,58964.93,58971.984,58967.824,hold,hold,buy 0.02 units (inject $1000.00),buy 0.02 units (inject $1000.00),hold,buy 0.02 units (inject $1000.00),buy 0.02 units (inject $1000.00),49001.25671236445,50001.267905583656,72001.41494332314,94000.4230693814,0.0,99000.00336428516,81001.38323013055,49000.0,50000.0,72000.0,94000.0,0.0,99000.0,81000.0,58967.3793245501,58967.1254592141,buy 0.03 units (inject $2000.00),142002.73457321792,142000.0
99,2025-04-10 01:41:33.578969,58964.93,58966.13756625453,58966.086062220624,58967.1001095122,58968.54082467373,58962.89759805768,58964.93,58971.984,58967.824,hold,hold,buy 0.02 units (inject $1000.00),buy 0.02 units (inject $1000.00),hold,buy 0.02 units (inject $1000.00),buy 0.02 units (inject $1000.00),49001.25671236445,50001.267905583656,73001.41494332315,95000.4230693814,0.0,100000.00336428518,82001.38323013055,49000.0,50000.0,73000.0,95000.0,0.0,100000.0,82000.0,58967.38139175446,58967.12628351934,buy 0.03 units (inject $2000.00),144002.73457321795,144000.0
100,2025-04-10 01:41:33.863970,58965.11,58966.13756625453,58966.086062220624,58967.1001095122,58968.54082467373,58963.229110585526,58965.11,58971.984,58967.824,hold,hold,hold,buy 0.02 units (inject $1000.00),hold,buy 0.02 units (inject $1000.00),buy 0.02 units (inject $1000.00),49001.40629663781,50001.420542553176,73001.63779196708,96000.71307356104,0.0,101000.3086304935,83001.6335526355,49000.0,50000.0,73000.0,96000.0,0.0,101000.0,83000.0,58967.65624606665,58967.41738781814,buy 0.03 units (inject $2000.00),146003.17416489086,146000.0
101,2025-04-10 01:41:34.150968,58965.11,58966.13756625453,58966.086062220624,58967.1001095122,58968.54082467373,58963.030767644384,58965.11,58971.984,58967.824,hold,hold,hold,buy 0.02 units (inject $1000.00),hold,buy 0.02 units (inject $1000.00),buy 0.02 units (inject $1000.00),49001.40629663781,50001.420542553176,73001.63779196708,97000.71307356104,0.0,102000.3086304935,84001.63355263548,49000.0,50000.0,73000.0,97000.0,0.0,102000.0,84000.0,58967.70900515129,58967.45996396324,buy 0.03 units (inject $2000.00),148003.17416489086,148000.0
102,2025-04-10 01:41:34.441969,58965.27,58966.13756625453,58966.086062220624,58967.1001095122,58968.54082467373,58963.39550027143,58965.27,58971.984,58967.824,hold,hold,hold,buy 0.02 units (inject $1000.00),hold,buy 0.02 units (inject $1000.00),buy 0.02 units (inject $1000.00),49001.53926043636,50001.55621985941,73001.83587965056,98000.97628199212,0.0,103000.5854051723,85001.86148846683,49000.0,50000.0,73000.0,98000.0,0.0,103000.0,85000.0,58967.396048580355,58967.141807343454,hold,148003.5757669207,148000.0
103,2025-04-10 01:41:34.735988,58965.27,58966.13756625453,58966.086062220624,58967.1001095122,58968.54082467373,58963.2368737983,58965.27,58971.984,58967.824,hold,hold,hold,buy 0.02 units (inject $1000.00),hold,buy 0.02 units (inject $1000.00),buy 0.02 units (inject $1000.00),49001.53926043636,50001.55621985941,73001.83587965056,99000.97628199212,0.0,104000.5854051723,86001.86148846683,49000.0,50000.0,73000.0,99000.0,0.0,104000.0,86000.0,58967.38131108372,58967.12619853387,hold,148003.5757669207,148000.0
104,2025-04-10 01:41:35.027989,58965.27,58966.13756625453,58966.086062220624,58967.1001095122,58968.54082467373,58963.2368737983,58965.27,58971.984,58967.824,hold,hold,hold,buy 0.02 units (inject $1000.00),hold,buy 0.02 units (inject $1000.00),buy 0.02 units (inject $1000.00),49001.53926043636,50001.55621985941,73001.83587965056,100000.97628199213,0.0,105000.5854051723,87001.86148846683,49000.0,50000.0,73000.0,100000.0,0.0,105000.0,87000.0,58967.38131108372,58967.12619853387,hold,148003.5757669207,148000.0
105,2025-04-10 01:41:35.314989,58965.42,58966.13756625453,58966.086062220624,58967.1001095122,58968.54082467373,58963.53608593243,58965.42,58971.984,58967.824,hold,hold,hold,buy 0.02 units (inject $1000.00),hold,buy 0.02 units (inject $1000.00),buy 0.02 units (inject $1000.00),49001.6639139975,50001.68341733401,73002.02158685384,101001.23067150722,0.0,106000.85251304464,88002.08280991968,49000.0,50000.0,73000.0,101000.0,0.0,106000.0,88000.0,58967.38978514429,58967.13517359938,hold,148003.9522688237,148000.0
106,2025-04-10 01:41:35.599996,58965.42,58966.13756625453,58966.086062220624,58967.1001095122,58968.54082467373,58963.38608593243,58965.42,58971.984,58967.824,hold,hold,hold,buy 0.02 units (inject $1000.00),hold,buy 0.02 units (inject $1000.00),buy 0.02 units (inject $1000.00),49001.6639139975,50001.68341733401,73002.02158685384,102001.23067150722,0.0,107000.85251304464,89002.08280991968,49000.0,50000.0,73000.0,102000.0,0.0,107000.0,89000.0,58967.38978514429,58967.13517359938,hold,148003.9522688237,148000.0
107,2025-04-10 01:41:35.892996,58965.42,58966.13756625453,58966.086062220624,58967.1001095122,58968.54082467373,58963.355668434575,58965.42,58971.984,58967.824,hold,hold,hold,buy 0.02 units (inject $1000.00),hold,buy 0.02 units (inject $1000.00),buy 0.02 units (inject $1000.00),49001.6639139975,50001.68341733401,73002.02158685384,103001.23067150722,0.0,108000.85251304464,90002.08280991968,49000.0,50000.0,73000.0,103000.0,0.0,108000.0,90000.0,58967.67937695311,58967.44188670776,buy 0.03 units (inject $2000.00),150003.9522688237,150000.0
108,2025-04-10 01:41:36.188998,58965.6,58966.13756625453,58966.086062220624,58967.1001095122,58968.54082467373,58963.74615464734,58965.6,58971.984,58967.824,hold,hold,hold,buy 0.02 units (inject $1000.00),hold,buy 0.02 units (inject $1000.00),buy 0.02 units (inject $1000.00),49001.813498270865,50001.83605430353,73002.24443549776,104001.54509683517,0.0,109001.18220040126,91002.35755357292,49000.0,50000.0,73000.0,104000.0,0.0,109000.0,91000.0,58967.389048269455,58967.1343931589,hold,150004.4101763805,150000.0
109,2025-04-10 01:41:36.478996,58965.6,58966.13756625453,58966.086062220624,58966.82000387816,58968.29302209834,58963.69119546593,58965.6,58971.71,58967.48,hold,hold,hold,buy 0.02 units (inject $1000.00),hold,buy 0.02 units (inject $1000.00),hold,49001.813498270865,50001.83605430353,73002.24443549776,105001.54509683517,0.0,110001.18220040126,91002.35755357292,49000.0,50000.0,73000.0,105000.0,0.0,110000.0,91000.0,58967.09443858381,58966.84435000687,hold,150004.4101763805,150000.0
110,2025-04-10 01:41:36.768996,58965.6,58966.13756625453,58966.086062220624,58966.82000387816,58968.29302209834,58963.690438395206,58965.6,58971.71,58967.48,hold,hold,hold,buy 0.02 units (inject $1000.00),hold,buy 0.02 units (inject $1000.00),hold,49001.813498270865,50001.83605430353,73002.24443549776,106001.54509683517,0.0,111001.18220040126,91002.35755357292,49000.0,50000.0,73000.0,106000.0,0.0,111000.0,91000.0,58967.10917608044,58966.85995881646,hold,150004.4101763805,150000.0
111,2025-04-10 01:41:37.055997,58965.57,58966.13756625453,58966.086062220624,58966.82000387816,58968.29302209834,58963.63119546593,58965.57,58971.71,58967.48,hold,hold,hold,buy 0.02 units (inject $1000.00),hold,buy 0.02 units (inject $1000.00),hold,49001.788567558644,50001.81061480861,73002.20729405711,107001.4911663002,0.0,112001.12572619485,91002.31125419284,49000.0,50000.0,73000.0,107000.0,0.0,112000.0,91000.0,58967.09443858381,58966.84435000687,hold,150004.33385845437,150000.0
112,2025-04-10 01:41:37.345997,58965.57,58966.13756625453,58966.086062220624,58966.82000387816,58968.29302209834,58963.66043839521,58965.57,58971.71,58967.48,hold,hold,hold,buy 0.02 units (inject $1000.00),hold,buy 0.02 units (inject $1000.00),hold,49001.788567558644,50001.81061480861,73002.20729405711,108001.4911663002,0.0,113001.12572619486,91002.31125419284,49000.0,50000.0,73000.0,108000.0,0.0,113000.0,91000.0,58967.10917608044,58966.85995881646,hold,150004.33385845437,150000.0
113,2025-04-10 01:41:37.633996,58965.57,58966.13756625453,58966.086062220624,58966.82000387816,58968.29302209834,58963.66918397891,58965.57,58971.71,58967.48,hold,hold,hold,buy 0.02 units (inject $1000.00),hold,buy 0.02 units (inject $1000.00),hold,49001.788567558644,50001.81061480861,73002.20729405711,109001.49116630021,0.0,114001.12572619486,91002.31125419284,49000.0,50000.0,73000.0,109000.0,0.0,114000.0,91000.0,58967.085058696284,58966.85034192191,hold,150004.33385845437,150000.0
114,2025-04-10 01:41:37.922540,58965.72,58966.13756625453,58966.086062220624,58966.82000387816,58968.29302209834,58963.954359644194,58965.72,58971.71,58967.48,hold,hold,hold,buy 0.02 units (inject $1000.00),hold,buy 0.02 units (inject $1000.00),hold,49001.91322111978,50001.937812283206,73002.39300126038,110001.76845054718,0.0,115001.41572879908,91002.5427510933,49000.0,50000.0,73000.0,110000.0,0.0,115000.0,91000.0,58967.34517551184,58967.12583741112,hold,150004.71544808504,150000.0
115,2025-04-10 01:41:38.212540,58965.72,58966.13756625453,58966.086062220624,58966.82000387816,58968.29302209834,58963.804906304824,58965.72,58971.71,58967.48,hold,hold,hold,buy 0.02 units (inject $1000.00),hold,buy 0.02 units (inject $1000.00),hold,49001.91322111978,50001.937812283206,73002.39300126038,111001.76845054718,0.0,116001.41572879908,91002.5427510933,49000.0,50000.0,73000.0,111000.0,0.0,116000.0,91000.0,58967.33670145128,58967.1168623456,hold,150004.71544808504,150000.0
116,2025-04-10 01:41:38.499555,58965.85,58966.13756625453,58966.086062220624,58966.82000387816,58968.29302209834,58964.08033508073,58965.85,58971.71,58967.48,hold,hold,hold,buy 0.02 units (inject $1000.00),hold,buy 0.02 units (inject $1000.00),hold,49002.0212542061,50002.04805009453,73002.55394750323,112002.01317290279,0.0,117001.67147373095,91002.74338174034,49000.0,50000.0,73000.0,112000.0,0.0,117000.0,91000.0,58967.06184713909,58966.82575804681,hold,150005.0461590983,150000.0
117,2025-04-10 01:41:38.789652,58965.85,58966.13756625453,58966.086062220624,58967.024920760865,58968.48727926865,58963.92731070665,58965.85,58971.914,58967.72,hold,hold,hold,buy 0.02 units (inject $1000.00),hold,buy 0.02 units (inject $1000.00),hold,49002.0212542061,50002.04805009453,73002.55394750323,113002.01317290279,0.0,118001.67147373094,91002.74338174034,49000.0,50000.0,73000.0,113000.0,0.0,118000.0,91000.0,58967.11341472084,58966.87087030147,hold,150005.0461590983,150000.0
118,2025-04-10 01:41:39.081648,58965.85,58966.13756625453,58966.086062220624,58967.024920760865,58968.48727926865,58963.92650032927,58965.85,58971.914,58967.72,hold,hold,hold,buy 0.02 units (inject $1000.00),hold,buy 0.02 units (inject $1000.00),hold,49002.0212542061,50002.04805009453,73002.55394750323,114002.01317290279,0.0,119001.67147373092,91002.74338174034,49000.0,50000.0,73000.0,114000.0,0.0,119000.0,91000.0,58967.12756271761,58966.88585475867,hold,150005.0461590983,150000.0
119,2025-04-10 01:41:39.367416,58965.85,58966.13756625453,58966.086062220624,58967.024920760865,58968.48727926865,58963.925596831854,58965.85,58971.914,58967.72,hold,hold,hold,buy 0.02 units (inject $1000.00),hold,buy 0.02 units (inject $1000.00),hold,49002.0212542061,50002.04805009453,73002.55394750323,115002.01317290279,0.0,120001.67147373092,91002.74338174034,49000.0,50000.0,73000.0,115000.0,0.0,120000.0,91000.0,58967.13057692116,58966.88904762321,hold,150005.0461590983,150000.0
120,2025-04-10 01:41:39.657652,58965.85,58966.13756625453,58966.086062220624,58967.024920760865,58968.48727926865,58963.92547321586,58965.85,58971.914,58967.72,hold,hold,hold,buy 0.02 units (inject $1000.00),hold,buy 0.02 units (inject $1000.00),hold,49002.0212542061,50002.04805009453,73002.55394750323,116002.01317290279,0.0,121001.67147373091,91002.74338174034,49000.0,50000.0,73000.0,116000.0,0.0,121000.0,91000.0,58967.13271385817,58966.8913109006,hold,150005.0461590983,150000.0
121,2025-04-10 01:41:39.943658,58965.85,58966.13756625453,58966.086062220624,58967.024920760865,58968.48727926865,58963.92565217034,58965.85,58971.914,58967.72,hold,hold,hold,buy 0.02 units (inject $1000.00),hold,buy 0.02 units (inject $1000.00),hold,49002.0212542061,50002.04805009453,73002.55394750323,117002.01317290279,0.0,122001.6714737309,91002.74338174034,49000.0,50000.0,73000.0,117000.0,0.0,122000.0,91000.0,58967.129618983876,58966.88803305059,hold,150005.0461590983,150000.0
122,2025-04-10 01:41:40.235659,58965.98,58966.13756625453,58966.086062220624,58967.024920760865,58968.48727926865,58964.18661937497,58965.98,58971.914,58967.72,hold,hold,hold,buy 0.02 units (inject $1000.00),hold,buy 0.02 units (inject $1000.00),hold,49002.129287292424,50002.15828790585,73002.71489374606,118002.27112325393,0.0,123001.94044665832,91002.9440123874,49000.0,50000.0,73000.0,118000.0,0.0,123000.0,91000.0,58967.112744550235,58966.87016096361,hold,150005.37687011156,150000.0
123,2025-04-10 01:41:40.521660,58965.98,58966.13756625453,58966.086062220624,58967.024920760865,58968.48727926865,58964.03884450061,58965.98,58971.914,58967.72,hold,hold,hold,buy 0.02 units (inject $1000.00),hold,buy 0.02 units (inject $1000.00),hold,49002.129287292424,50002.15828790585,73002.71489374606,119002.27112325394,0.0,124001.94044665832,91002.9440123874,49000.0,50000.0,73000.0,119000.0,0.0,124000.0,91000.0,58967.38759886242,58967.1612652624,hold,150005.37687011156,150000.0
124,2025-04-10 01:41:40.812324,58966.11,58966.13756625453,58966.086062220624,58967.024920760865,58968.48727926865,58964.2993345012,58966.11,58971.914,58967.72,hold,hold,hold,buy 0.02 units (inject $1000.00),hold,buy 0.02 units (inject $1000.00),hold,49002.23732037874,50002.26852571716,73002.87583998889,120002.53348292719,0.0,125002.21382890784,91003.14464303445,49000.0,50000.0,73000.0,120000.0,0.0,125000.0,91000.0,58967.394005718634,58967.16941602267,hold,150005.7075811248,150000.0
125,2025-04-10 01:41:41.099324,58966.11,58966.13756625453,58966.086062220624,58967.024920760865,58968.48727926865,58964.167563142495,58966.11,58971.914,58967.72,hold,hold,hold,buy 0.02 units (inject $1000.00),hold,buy 0.02 units (inject $1000.00),hold,49002.23732037874,50002.26852571716,73002.87583998889,121002.53348292719,0.0,126002.21382890784,91003.14464303445,49000.0,50000.0,73000.0,121000.0,0.0,126000.0,91000.0,58967.409118490854,58967.18419773573,hold,150005.7075811248,150000.0
126,2025-04-10 01:41:41.389323,58966.11,58966.13756625453,58966.086062220624,58967.024920760865,58968.48727926865,58964.16866048446,58966.11,58971.914,58967.72,hold,hold,hold,buy 0.02 units (inject $1000.00),hold,buy 0.02 units (inject $1000.00),hold,49002.23732037874,50002.26852571716,73002.87583998889,122002.53348292717,0.0,127002.21382890784,91003.14464303445,49000.0,50000.0,73000.0,122000.0,0.0,127000.0,91000.0,58967.39438099422,58967.16858892615,hold,150005.7075811248,150000.0
127,2025-04-10 01:41:41.680324,58966.11,58966.13756625453,58966.086062220624,58967.024920760865,58968.48727926865,58964.18652370134,58966.11,58971.914,58967.72,hold,hold,hold,buy 0.02 units (inject $1000.00),hold,buy 0.02 units (inject $1000.00),hold,49002.23732037874,50002.26852571716,73002.87583998889,123002.53348292717,0.0,128002.21382890783,91003.14464303445,49000.0,50000.0,73000.0,123000.0,0.0,128000.0,91000.0,58967.119526682036,58966.87748462735,hold,150005.7075811248,150000.0
128,2025-04-10 01:41:41.967324,58966.02,58966.13756625453,58966.086062220624,58967.024920760865,58968.48727926865,58964.00648157652,58966.02,58971.914,58967.72,hold,hold,hold,buy 0.02 units (inject $1000.00),hold,buy 0.02 units (inject $1000.00),hold,49002.16252824206,50002.1922072324,73002.76441566693,124002.34574410542,0.0,129002.01845907174,91003.00574489418,49000.0,50000.0,73000.0,124000.0,0.0,129000.0,91000.0,58967.12026355686,58966.87826506784,hold,150005.4786273464,150000.0
129,2025-04-10 01:41:42.258327,58966.02,58966.13756625453,58966.086062220624,58967.024920760865,58968.48727926865,58964.096481576526,58966.02,58971.914,58967.72,hold,hold,hold,buy 0.02 units (inject $1000.00),hold,buy 0.02 units (inject $1000.00),hold,49002.16252824206,50002.1922072324,73002.76441566693,125002.34574410542,0.0,130002.01845907173,91003.00574489418,49000.0,50000.0,73000.0,125000.0,0.0,130000.0,91000.0,58967.12026355686,58966.87826506784,hold,150005.4786273464,150000.0
130,2025-04-10 01:41:42.544323,58966.15,58966.13756625453,58966.086062220624,58967.024920760865,58968.48727926865,58964.356253630554,58966.15,58971.914,58967.72,hold,hold,hold,buy 0.02 units (inject $1000.00),hold,buy 0.02 units (inject $1000.00),hold,49002.27056132838,50002.30244504372,73002.92536190977,126002.6213317226,0.0,131002.30506926519,91003.20637554124,49000.0,50000.0,73000.0,126000.0,0.0,131000.0,91000.0,58967.124242680955,58966.88247944642,hold,150005.80933835966,150000.0
131,2025-04-10 01:41:42.832863,58966.15,58966.13756625453,58966.086062220624,58967.024920760865,58968.48727926865,58964.22544521438,58966.15,58971.914,58967.72,hold,hold,hold,buy 0.02 units (inject $1000.00),hold,buy 0.02 units (inject $1000.00),hold,49002.27056132838,50002.30244504372,73002.92536190977,127002.6213317226,0.0,132002.3050692652,91003.20637554124,49000.0,50000.0,73000.0,127000.0,0.0,132000.0,91000.0,58967.138243302754,58966.89730781553,hold,150005.80933835966,150000.0
132,2025-04-10 01:41:43.120877,58966.0,58966.13756625453,58967.27453075912,58968.45305308654,58969.742969081126,58964.210882550986,58966.0,58973.156,58967.73,hold,hold,buy 0.02 units (inject $1000.00),buy 0.02 units (inject $1000.00),hold,buy 0.02 units (inject $1000.00),hold,49002.14590776724,50002.175247569125,74002.73965470649,128002.29825834576,0.0,133001.9692775311,91002.97487864079,49000.0,50000.0,74000.0,128000.0,0.0,133000.0,91000.0,58968.005818031634,58967.87398450694,hold,150005.42774872898,150000.0
133,2025-04-10 01:41:43.405878,58966.13,58966.13756625453,58966.086062220624,58967.25284994837,58968.69764105894,58964.006233653316,58966.13,58972.13,58967.81,hold,hold,hold,buy 0.02 units (inject $1000.00),hold,buy 0.02 units (inject $1000.00),hold,49002.25394085356,50002.28548538044,74002.90280560964,129002.58045993267,0.0,134002.2625016943,91003.17550928784,49000.0,50000.0,74000.0,129000.0,0.0,134000.0,91000.0,58967.44292212657,58967.28764887984,hold,150005.7584597422,150000.0
134,2025-04-10 01:41:43.697878,58966.13,58966.13756625453,58966.086062220624,58967.25284994837,58968.69764105894,58963.876563027225,58966.13,58972.13,58967.81,hold,hold,hold,buy 0.02 units (inject $1000.00),hold,buy 0.02 units (inject $1000.00),hold,49002.25394085356,50002.28548538044,74002.90280560964,130002.58045993265,0.0,135002.26250169426,91003.17550928784,49000.0,50000.0,74000.0,130000.0,0.0,135000.0,91000.0,58967.43894300248,58967.28343450125,hold,150005.7584597422,150000.0
135,2025-04-10 01:41:43.983878,58966.13,58966.13756625453,58966.086062220624,58967.25284994837,58968.69764105894,58963.89639619848,58966.13,58972.13,58967.81,hold,hold,hold,buy 0.02 units (inject $1000.00),hold,buy 0.02 units (inject $1000.00),hold,49002.25394085356,50002.28548538044,74002.90280560964,131002.58045993265,0.0,136002.26250169426,91003.17550928784,49000.0,50000.0,74000.0,131000.0,0.0,136000.0,91000.0,58967.1640886903,58966.99233020246,hold,150005.7584597422,150000.0
136,2025-04-10 01:41:44.272877,58966.25,58966.13756625453,58966.086062220624,58967.024920760865,58968.48727926865,58964.42184597571,58966.25,58971.914,58967.72,hold,hold,hold,buy 0.02 units (inject $1000.00),hold,buy 0.02 units (inject $1000.00),hold,49002.35366370247,50002.38724336012,74003.05340644332,132002.84705890488,0.0,137002.5392753523,91003.3607068082,49000.0,50000.0,74000.0,132000.0,0.0,137000.0,91000.0,58967.20680280841,58966.97250158388,hold,150006.06373144675,150000.0
137,2025-04-10 01:41:44.564877,58966.25,58966.13756625453,58966.086062220624,58967.024920760865,58968.48727926865,58964.301120474825,58966.25,58971.914,58967.72,hold,hold,hold,buy 0.02 units (inject $1000.00),hold,buy 0.02 units (inject $1000.00),hold,49002.35366370247,50002.38724336012,74003.05340644332,133002.84705890488,0.0,138002.5392753523,91003.3607068082,49000.0,50000.0,74000.0,133000.0,0.0,138000.0,91000.0,58967.20672213767,58966.9724165984,hold,150006.06373144675,150000.0
138,2025-04-10 01:41:44.856880,58966.25,58966.13756625453,58966.086062220624,58967.024920760865,58968.48727926865,58964.29199326087,58966.25,58971.914,58967.72,hold,hold,hold,buy 0.02 units (inject $1000.00),hold,buy 0.02 units (inject $1000.00),hold,49002.35366370247,50002.38724336012,74003.05340644332,134002.84705890488,0.0,139002.5392753523,91003.3607068082,49000.0,50000.0,74000.0,134000.0,0.0,139000.0,91000.0,58967.33398042109,58967.10719866919,hold,150006.06373144675,150000.0
139,2025-04-10 01:41:45.145879,58966.25,58966.13756625453,58967.27453075912,58968.6361406664,58969.90188619945,58964.43499470229,58966.25,58973.324,58967.93,hold,hold,buy 0.02 units (inject $1000.00),buy 0.02 units (inject $1000.00),hold,buy 0.02 units (inject $1000.00),hold,49002.35366370247,50002.38724336012,75003.05340644332,135002.84705890485,0.0,140002.53927535226,91003.3607068082,49000.0,50000.0,75000.0,135000.0,0.0,140000.0,91000.0,58967.81609812899,58967.69247276254,hold,150006.06373144675,150000.0
140,2025-04-10 01:41:45.441877,58966.14,58966.13756625453,58967.27453075912,58968.6361406664,58969.90188619945,58964.189656734314,58966.14,58973.324,58967.93,hold,hold,buy 0.02 units (inject $1000.00),buy 0.02 units (inject $1000.00),hold,buy 0.02 units (inject $1000.00),hold,49002.26225109097,50002.293965212084,76002.91349020522,136002.59521461808,0.0,141002.27810427017,91003.19094241454,49000.0,50000.0,76000.0,136000.0,0.0,141000.0,91000.0,58968.10568993781,58967.99918587092,hold,150005.78389905093,150000.0
141,2025-04-10 01:41:45.747897,58966.14,58966.13756625453,58967.27453075912,58968.6361406664,58969.90188619945,58964.30102430321,58966.14,58973.324,58967.93,hold,hold,buy 0.02 units (inject $1000.00),buy 0.02 units (inject $1000.00),hold,buy 0.02 units (inject $1000.00),hold,49002.26225109097,50002.293965212084,77002.91349020522,137002.59521461808,0.0,142002.2781042702,91003.19094241454,49000.0,50000.0,77000.0,137000.0,0.0,142000.0,91000.0,58968.092057753434,58967.98474772205,hold,150005.78389905093,150000.0
142,2025-04-10 01:41:46.033896,58966.26,58966.13756625453,58967.27453075912,58968.6361406664,58969.90188619945,58964.55772306287,58966.26,58973.324,58967.93,hold,hold,buy 0.02 units (inject $1000.00),buy 0.02 units (inject $1000.00),hold,buy 0.02 units (inject $1000.00),hold,49002.361973939886,50002.39572319176,78003.07019623378,138002.8740239725,0.0,143002.5670883104,91003.3761399349,49000.0,50000.0,78000.0,138000.0,0.0,143000.0,91000.0,58968.05413587719,58967.963310445426,hold,150006.08917075547,150000.0
143,2025-04-10 01:41:46.319425,58966.26,58966.13756625453,58967.27453075912,58968.6361406664,58969.90188619945,58964.46180045246,58966.26,58973.324,58967.93,hold,hold,buy 0.02 units (inject $1000.00),buy 0.02 units (inject $1000.00),hold,buy 0.02 units (inject $1000.00),hold,49002.361973939886,50002.39572319176,79003.07019623378,139002.8740239725,0.0,144002.5670883104,91003.3761399349,49000.0,50000.0,79000.0,139000.0,0.0,144000.0,91000.0,58967.76454406837,58967.656597337045,hold,150006.08917075547,150000.0
144,2025-04-10 01:41:46.604892,58966.26,58966.13756625453,58967.27453075912,58968.6361406664,58969.90188619945,58964.46074024425,58966.26,58973.324,58967.93,hold,hold,buy 0.02 units (inject $1000.00),buy 0.02 units (inject $1000.00),hold,buy 0.02 units (inject $1000.00),hold,49002.361973939886,50002.39572319176,80003.07019623378,140002.8740239725,0.0,145002.5670883104,91003.3761399349,49000.0,50000.0,80000.0,140000.0,0.0,145000.0,91000.0,58967.779281565,58967.672206146635,hold,150006.08917075547,150000.0
145,2025-04-10 01:41:46.894525,58966.39,58966.13756625453,58967.27453075912,58968.6361406664,58969.90188619945,58964.721800452455,58966.39,58973.324,58967.93,hold,hold,buy 0.02 units (inject $1000.00),buy 0.02 units (inject $1000.00),hold,buy 0.02 units (inject $1000.00),hold,49002.470007026204,50002.50596100308,81003.24657504982,141003.18268139154,0.0,146002.8867683057,91003.57677058195,49000.0,50000.0,81000.0,141000.0,0.0,146000.0,91000.0,58967.76454406837,58967.656597337045,hold,150006.41988176873,150000.0
146,2025-04-10 01:41:47.180004,58966.39,58966.13756625453,58967.27453075912,58968.417248899044,58969.74170233865,58964.891500409256,58966.39,58973.184,58967.7,hold,hold,buy 0.02 units (inject $1000.00),buy 0.02 units (inject $1000.00),hold,buy 0.02 units (inject $1000.00),hold,49002.470007026204,50002.50596100308,82003.24657504981,142003.18268139154,0.0,147002.8867683057,91003.57677058195,49000.0,50000.0,82000.0,142000.0,0.0,147000.0,91000.0,58967.780653067726,58967.636794730264,hold,150006.41988176873,150000.0
147,2025-04-10 01:41:47.467012,58966.39,58966.13756625453,58966.086062220624,58967.201629056006,58968.64307434298,58964.180841183676,58966.39,58972.055,58967.67,hold,hold,hold,buy 0.02 units (inject $1000.00),hold,buy 0.02 units (inject $1000.00),hold,49002.470007026204,50002.50596100308,82003.24657504981,143003.18268139154,0.0,148002.8867683057,91003.57677058195,49000.0,50000.0,82000.0,143000.0,0.0,148000.0,91000.0,58967.279983193126,58967.10531326365,hold,150006.41988176873,150000.0
148,2025-04-10 01:41:47.756960,58966.39,58966.13756625453,58967.27453075912,58968.45527791542,58969.74342864301,58964.72064735165,58966.39,58973.18,58967.76,hold,hold,buy 0.02 units (inject $1000.00),buy 0.02 units (inject $1000.00),hold,buy 0.02 units (inject $1000.00),hold,49002.470007026204,50002.50596100308,83003.24657504981,144003.18268139154,0.0,149002.8867683057,91003.57677058195,49000.0,50000.0,83000.0,144000.0,0.0,149000.0,91000.0,58968.281192092545,58968.11913147635,hold,150006.41988176873,150000.0
149,2025-04-10 01:41:48.047967,58966.51,58966.13756625453,58967.27453075912,58968.71132941773,58969.95609356766,58964.69877414168,58966.51,58973.39,58968.035,hold,hold,buy 0.02 units (inject $1000.00),buy 0.02 units (inject $1000.00),hold,buy 0.02 units (inject $1000.00),hold,49002.56972987512,50002.607718982756,84003.41549143742,145003.4757361626,0.0,150003.18999776256,91003.7619681023,49000.0,50000.0,84000.0,145000.0,0.0,150000.0,91000.0,58968.2285080165,58968.097884097886,hold,150006.72515347326,150000.0
150,2025-04-10 01:41:48.334989,58966.51,58966.13756625453,58967.27453075912,58968.71132941773,58969.95609356766,58964.56128706029,58966.51,58973.39,58968.035,hold,hold,buy 0.02 units (inject $1000.00),buy 0.02 units (inject $1000.00),hold,buy 0.02 units (inject $1000.00),hold,49002.56972987512,50002.607718982756,85003.41549143742,146003.4757361626,0.0,151003.18999776253,91003.7619681023,49000.0,50000.0,85000.0,146000.0,0.0,151000.0,91000.0,58968.27279304059,58968.13148517748,hold,150006.72515347326,150000.0
151,2025-04-10 01:41:48.619172,58966.61,58966.13756625453,58967.27453075912,58968.71132941773,58969.95609356766,58964.78031638473,58966.61,58973.39,58968.035,hold,hold,buy 0.02 units (inject $1000.00),buy 0.02 units (inject $1000.00),hold,buy 0.02 units (inject $1000.00),hold,49002.65283224921,50002.692517299154,86003.55964684952,147003.72334022756,0.0,152003.44608073233,91003.91629936927,49000.0,50000.0,86000.0,147000.0,0.0,152000.0,91000.0,58968.21794952488,58968.088077857916,hold,150006.97954656038,150000.0
152,2025-04-10 01:41:48.905172,58966.61,58966.13756625453,58967.27453075912,58968.71132941773,58969.95609356766,58964.678387986096,58966.61,58973.39,58968.035,hold,hold,buy 0.02 units (inject $1000.00),buy 0.02 units (inject $1000.00),hold,buy 0.02 units (inject $1000.00),hold,49002.65283224921,50002.692517299154,87003.55964684952,148003.72334022753,0.0,153003.4460807323,91003.91629936927,49000.0,50000.0,87000.0,148000.0,0.0,153000.0,91000.0,58968.23306542439,58968.102852678516,hold,150006.97954656038,150000.0
153,2025-04-10 01:41:49.189471,58966.61,58966.13756625453,58967.27453075912,58968.71132941773,58969.95609356766,58964.68022919198,58966.61,58973.39,58968.035,hold,hold,buy 0.02 units (inject $1000.00),buy 0.02 units (inject $1000.00),hold,buy 0.02 units (inject $1000.00),hold,49002.65283224921,50002.692517299154,88003.55964684952,149003.72334022753,0.0,154003.4460807323,91003.91629936927,49000.0,50000.0,88000.0,149000.0,0.0,154000.0,91000.0,58968.21832792776,58968.087243868926,hold,150006.97954656038,150000.0
154,2025-04-10 01:41:49.480470,58966.72,58966.13756625453,58967.27453075912,58968.71132941773,58969.95609356766,58964.900083870125,58966.72,58973.39,58968.035,hold,hold,hold,buy 0.02 units (inject $1000.00),hold,buy 0.02 units (inject $1000.00),hold,49002.74424486071,50002.78579544719,88003.72381419035,150004.0013010865,0.0,155003.7333683866,91004.08606376294,49000.0,50000.0,88000.0,150000.0,0.0,155000.0,91000.0,58968.21824725702,58968.08715888345,hold,150007.2593789562,150000.0
155,2025-04-10 01:41:49.772470,58966.72,58966.13756625453,58967.27453075912,58968.71132941773,58969.95609356766,58964.781310298684,58966.72,58973.39,58968.035,hold,hold,hold,buy 0.02 units (inject $1000.00),hold,buy 0.02 units (inject $1000.00),hold,49002.74424486071,50002.78579544719,88003.72381419035,151004.00130108654,0.0,156003.7333683866,91004.08606376294,49000.0,50000.0,88000.0,151000.0,0.0,156000.0,91000.0,58968.28677661636,58968.15973984803,hold,150007.2593789562,150000.0
156,2025-04-10 01:41:50.080469,58966.82,58966.13756625453,58967.27453075912,58968.71132941773,58969.95609356766,58964.98131029868,58966.82,58973.39,58968.035,hold,hold,hold,buy 0.02 units (inject $1000.00),hold,buy 0.02 units (inject $1000.00),hold,49002.82734723481,50002.87059376359,88003.87305722747,152004.2573845202,0.0,157003.9979307251,91004.2403950299,49000.0,50000.0,88000.0,152000.0,0.0,157000.0,91000.0,58968.28677661636,58968.15973984803,hold,150007.5137720433,150000.0
157,2025-04-10 01:41:50.368471,58966.82,58966.13756625453,58967.27453075912,58968.71132941773,58969.95609356766,58964.88131029868,58966.82,58973.39,58968.035,hold,hold,hold,buy 0.02 units (inject $1000.00),hold,buy 0.02 units (inject $1000.00),hold,49002.82734723481,50002.87059376359,88003.87305722747,153004.2573845202,0.0,158003.9979307251,91004.2403950299,49000.0,50000.0,88000.0,153000.0,0.0,158000.0,91000.0,58968.28677661636,58968.15973984803,hold,150007.5137720433,150000.0
158,2025-04-10 01:41:50.667471,58966.82,58966.13756625453,58967.27453075912,58968.71132941773,58969.95609356766,58964.85943771052,58966.82,58973.39,58968.035,hold,hold,hold,buy 0.02 units (inject $1000.00),hold,buy 0.02 units (inject $1000.00),hold,49002.82734723481,50002.87059376359,88003.87305722747,154004.2573845202,0.0,159003.9979307251,91004.2403950299,49000.0,50000.0,88000.0,154000.0,0.0,159000.0,91000.0,58968.3627472582,58968.226899868234,hold,150007.5137720433,150000.0
159,2025-04-10 01:41:50.955470,58966.82,58966.13756625453,58966.086062220624,58967.27681780734,58968.69669111735,58964.468531208266,58966.82,58972.125,58967.777,hold,hold,hold,hold,hold,buy 0.02 units (inject $1000.00),hold,49002.82734723481,50002.87059376359,88003.87305722747,154004.2573845202,0.0,160003.9979307251,91004.2403950299,49000.0,50000.0,88000.0,154000.0,0.0,160000.0,91000.0,58967.66637692999,58967.4003079706,hold,150007.5137720433,150000.0
160,2025-04-10 01:41:51.242988,58966.86,58966.13756625453,58967.27453075912,58968.6361406664,58969.90188619945,58965.09981427642,58966.86,58973.324,58967.93,hold,hold,hold,buy 0.02 units (inject $1000.00),hold,buy 0.02 units (inject $1000.00),hold,49002.86058818444,50002.90451309015,88003.9327544423,155004.36185293642,0.0,161004.10646905084,91004.30212753669,49000.0,50000.0,88000.0,155000.0,0.0,161000.0,91000.0,58967.792151691974,58967.68597982182,hold,150007.61552927818,150000.0
161,2025-04-10 01:41:51.533496,58966.97,58966.13756625453,58967.27453075912,58968.6361406664,58969.90188619945,58965.27981427642,58966.97,58973.324,58967.93,hold,hold,hold,buy 0.02 units (inject $1000.00),hold,buy 0.02 units (inject $1000.00),hold,49002.95200079594,50002.99779123819,88004.09692178313,156004.65100653563,0.0,162004.40681490122,91004.47189193036,49000.0,50000.0,88000.0,156000.0,0.0,162000.0,91000.0,58967.792151691974,58967.68597982182,hold,150007.895361674,150000.0
162,2025-04-10 01:41:51.824496,58966.97,58966.13756625453,58967.27453075912,58968.6361406664,58969.90188619945,58965.169429789625,58966.97,58973.324,58967.93,hold,hold,hold,buy 0.02 units (inject $1000.00),hold,buy 0.02 units (inject $1000.00),hold,49002.95200079594,50002.99779123819,88004.09692178313,157004.65100653563,0.0,163004.40681490122,91004.47189193036,49000.0,50000.0,88000.0,157000.0,0.0,163000.0,91000.0,58967.79738350328,58967.69152094922,hold,150007.895361674,150000.0
163,2025-04-10 01:41:52.114356,58966.97,58966.13756625453,58967.27453075912,58968.6361406664,58969.90188619945,58965.16928444055,58966.97,58973.324,58967.93,hold,hold,hold,buy 0.02 units (inject $1000.00),hold,buy 0.02 units (inject $1000.00),hold,49002.95200079594,50002.99779123819,88004.09692178313,158004.65100653563,0.0,164004.40681490122,91004.47189193036,49000.0,50000.0,88000.0,158000.0,0.0,164000.0,91000.0,58967.79730283254,58967.69143596375,hold,150007.895361674,150000.0
164,2025-04-10 01:41:52.402959,58967.09,58966.13756625453,58967.27453075912,58968.71132941773,58969.95609356766,58965.23933765465,58967.09,58973.39,58968.035,hold,hold,hold,buy 0.02 units (inject $1000.00),hold,buy 0.02 units (inject $1000.00),hold,49003.05172364485,50003.09954921786,88004.27601342766,159004.9725519384,0.0,165004.74057003256,91004.6570894507,49000.0,50000.0,88000.0,159000.0,0.0,165000.0,91000.0,58968.50363189604,58968.38941653967,hold,150008.20063337852,150000.0
165,2025-04-10 01:41:52.691960,58967.09,58966.13756625453,58967.84660357582,58970.06902130187,58971.234156698905,58967.09,58967.09,58974.9,58969.504,hold,hold,buy 0.02 units (inject $1000.00),buy 0.02 units (inject $1000.00),hold,buy 0.02 units (inject $1000.00),buy 0.02 units (inject $1000.00),49003.05172364485,50003.09954921786,89004.27601342766,160004.97255193844,0.0,166004.74057003256,92004.6570894507,49000.0,50000.0,89000.0,160000.0,0.0,166000.0,92000.0,58970.45677926938,58970.4387462852,buy 0.03 units (inject $2000.00),152008.20063337852,152000.0
166,2025-04-10 01:41:52.976516,58967.09,58966.13756625453,58967.84660357582,58971.815578255424,58972.908029717735,58967.09,58967.09,58976.668,58971.047,hold,hold,buy 0.02 units (inject $1000.00),buy 0.02 units (inject $1000.00),hold,buy 0.02 units (inject $1000.00),buy 0.02 units (inject $1000.00),49003.05172364485,50003.09954921786,90004.27601342766,161004.97255193844,0.0,167004.7405700326,93004.6570894507,49000.0,50000.0,90000.0,161000.0,0.0,167000.0,93000.0,58971.56971548049,58971.59986681419,buy 0.03 units (inject $2000.00),154008.20063337852,154000.0
167,2025-04-10 01:41:53.262477,58967.09,58966.13756625453,58967.84660357582,58971.671339356595,58972.75691798915,58967.09,58967.09,58976.51,58970.87,hold,hold,buy 0.02 units (inject $1000.00),buy 0.02 units (inject $1000.00),hold,buy 0.02 units (inject $1000.00),buy 0.02 units (inject $1000.00),49003.05172364485,50003.09954921786,91004.27601342766,162004.97255193847,0.0,168004.7405700326,94004.6570894507,49000.0,50000.0,91000.0,162000.0,0.0,168000.0,94000.0,58971.721794943725,58971.75678267951,buy 0.03 units (inject $2000.00),156008.20063337852,156000.0
168,2025-04-10 01:41:53.547477,58969.68,58966.13756625453,58967.84660357582,58971.09438376128,58972.14528963291,58972.270000000004,58969.68,58975.89,58970.164,sell 0.42 units (receive $24502.60),hold,hold,buy 0.02 units (inject $1000.00),buy 0.02 units (inject $1000.00),buy 0.02 units (inject $1000.00),hold,49005.20407513387,50005.29582561259,91008.27317650412,163012.0882647693,1000.0,169012.1198095046,94008.78603768033,49000.0,50000.0,91000.0,163000.0,1000.0,169000.0,94000.0,58971.33025776311,58971.37667175392,hold,156015.05295116527,156000.0
169,2025-04-10 01:41:53.832477,58969.68,58966.13756625453,58967.84660357582,58971.35001940666,58972.40528199451,58969.68,58969.68,58976.17,58970.46,sell 0.21 units (receive $12251.30),hold,hold,buy 0.02 units (inject $1000.00),hold,buy 0.02 units (inject $1000.00),hold,49005.20407513387,50005.29582561259,91008.27317650412,164012.08826476926,1000.0,170012.11980950457,94008.78603768033,49000.0,50000.0,91000.0,164000.0,1000.0,170000.0,94000.0,58971.21879238128,58971.28463131829,hold,156015.05295116527,156000.0
170,2025-04-10 01:41:54.122478,58969.72,58966.13756625453,58967.84660357582,58971.35001940666,58972.40528199451,58969.76,58969.72,58976.17,58970.46,sell 0.10 units (receive $6125.65),hold,hold,buy 0.02 units (inject $1000.00),hold,buy 0.02 units (inject $1000.00),hold,49005.212385371284,50005.329744939154,91008.33490875241,165012.1995165775,1000.0006783146864,171012.23513122232,94008.84980522055,49000.0,50000.0,91000.0,165000.0,1000.0,171000.0,94000.0,58971.4361704566,58971.5148612597,hold,156015.158778467,156000.0
171,2025-04-10 01:41:54.409477,58969.72,58966.13756625453,58967.84660357582,58971.31381141144,58972.35398683166,58969.72,58969.72,58976.117,58970.445,sell 0.05 units (receive $3062.83),hold,hold,buy 0.02 units (inject $1000.00),hold,buy 0.02 units (inject $1000.00),hold,49005.212385371284,50005.329744939154,91008.33490875241,166012.1995165775,1000.0006783146864,172012.23513122232,94008.84980522055,49000.0,50000.0,91000.0,166000.0,1000.0,172000.0,94000.0,58970.82086947851,58970.862616773484,hold,156015.158778467,156000.0
